[{"index":843,"Stimuli":"*CHI: you said. yes@q.","directed":null,"U":"you said. yes@q.","FIG":0,"speaker":"*CHI:"},{"index":844,"Stimuli":"*FAT: ya.","directed":null,"U":"ya.","FIG":0,"speaker":"*FAT:"},{"index":845,"Stimuli":"*CHI: I can?","directed":null,"U":"I can?","FIG":0,"speaker":"*CHI:"},{"index":846,"Stimuli":"*FAT: &-uh. huh.","directed":null,"U":"&-uh. huh.","FIG":0,"speaker":"*FAT:"},{"index":847,"Stimuli":"*CHI: and you guys won't yell?","directed":null,"U":"and you guys won't yell?","FIG":0,"speaker":"*CHI:"},{"index":848,"Stimuli":"*FAT: yeah. go ahead make a mess.","directed":null,"U":"yeah. go ahead make a mess.","FIG":0,"speaker":"*FAT:"},{"index":849,"Stimuli":"*FAT: are you jogging Ross?","directed":null,"U":"are you jogging Ross?","FIG":0,"speaker":"*FAT:"},{"index":850,"Stimuli":"*CHI: no.","directed":null,"U":"no.","FIG":0,"speaker":"*CHI:"},{"index":851,"Stimuli":"*FAT: do you want to talk to the tape recorder and tell them xxx.","directed":null,"U":"do you want to talk to the tape recorder and tell them xxx.","FIG":0,"speaker":"*FAT:"},{"index":852,"Stimuli":"*CHI: nah.","directed":null,"U":"nah.","FIG":0,"speaker":"*CHI:"},{"index":853,"Stimuli":"*FAT: tell us about your jogging.","directed":null,"U":"tell us about your jogging.","FIG":0,"speaker":"*FAT:"},{"index":854,"Stimuli":"*FAT: tells us about how you jog.","directed":null,"U":"tells us about how you jog.","FIG":0,"speaker":"*FAT:"},{"index":855,"Stimuli":"*CHI: I can go fast.","directed":null,"U":"I can go fast.","FIG":0,"speaker":"*CHI:"},{"index":856,"Stimuli":"*CHI: and a new race car.","directed":null,"U":"and a new race car.","FIG":0,"speaker":"*CHI:"},{"index":857,"Stimuli":"*FAT: like a race car.","directed":"child-directed","U":"like a race car.","FIG":1,"speaker":"*FAT:"},{"index":858,"Stimuli":"*CHI: yeah.","directed":null,"U":"yeah.","FIG":0,"speaker":"*CHI:"},{"index":859,"Stimuli":"*FAT: xxx.","directed":null,"U":"xxx.","FIG":0,"speaker":"*FAT:"},{"index":860,"Stimuli":"*FAT: what else?","directed":null,"U":"what else?","FIG":0,"speaker":"*FAT:"},{"index":861,"Stimuli":"*CHI: and go trick+or+treating when my cousin comes.","directed":null,"U":"and go trick+or+treating when my cousin comes.","FIG":0,"speaker":"*CHI:"},{"index":862,"Stimuli":"*FAT: uhuh.","directed":null,"U":"uhuh.","FIG":0,"speaker":"*FAT:"}]