[{"index":1363,"Stimuli":"*CHI: will you jump me?","directed":null,"U":"will you jump me?","FIG":0,"speaker":"*CHI:"},{"index":1364,"Stimuli":"*FAT: do you want me to make you jump?","directed":null,"U":"do you want me to make you jump?","FIG":0,"speaker":"*FAT:"},{"index":1365,"Stimuli":"*CHI: yeah. will you make me jump?","directed":null,"U":"yeah. will you make me jump?","FIG":0,"speaker":"*CHI:"},{"index":1366,"Stimuli":"*CHI: I hurt my finger at the pillow [= on the pillow].","directed":null,"U":"I hurt my finger at the pillow [= on the pillow].","FIG":0,"speaker":"*CHI:"},{"index":1367,"Stimuli":"*CHI: where is I?","directed":null,"U":"where is I?","FIG":0,"speaker":"*CHI:"},{"index":1368,"Stimuli":"*MOT: where am I?","directed":null,"U":"where am I?","FIG":0,"speaker":"*MOT:"},{"index":1369,"Stimuli":"*CHI: here I am I.","directed":null,"U":"here I am I.","FIG":0,"speaker":"*CHI:"},{"index":1370,"Stimuli":"*CHI: I have_to get my shoes on. [+ dia]","directed":null,"U":"I have_to get my shoes on. [+ dia]","FIG":0,"speaker":"*CHI:"},{"index":1371,"Stimuli":"*CHI: I have_to get on. my shoes and socks on. [+ dia]","directed":null,"U":"I have_to get on. my shoes and socks on. [+ dia]","FIG":0,"speaker":"*CHI:"},{"index":1372,"Stimuli":"*CHI: will you button this off? [+ dia]","directed":null,"U":"will you button this off? [+ dia]","FIG":0,"speaker":"*CHI:"},{"index":1373,"Stimuli":"*CHI: I'm going to put my cowboy boots in my room so I can play with you guys.","directed":null,"U":"I'm going to put my cowboy boots in my room so I can play with you guys.","FIG":0,"speaker":"*CHI:"},{"index":1374,"Stimuli":"*CHI: there I can play with you guys now okay.","directed":null,"U":"there I can play with you guys now okay.","FIG":0,"speaker":"*CHI:"},{"index":1375,"Stimuli":"*CHI: we want to go to the museum!","directed":null,"U":"we want to go to the museum!","FIG":0,"speaker":"*CHI:"},{"index":1376,"Stimuli":"*CHI: I was going to take them all off by myself.","directed":"child-produced","U":"I was going to take them all off by myself.","FIG":1,"speaker":"*CHI:"},{"index":1377,"Stimuli":"*CHI: I was going to tell you that I was going to put them in my room so I can play with you guys.","directed":null,"U":"I was going to tell you that I was going to put them in my room so I can play with you guys.","FIG":0,"speaker":"*CHI:"},{"index":1378,"Stimuli":"*CHI: we want to go to the museum!","directed":null,"U":"we want to go to the museum!","FIG":0,"speaker":"*CHI:"},{"index":1379,"Stimuli":"*FAT: we do?","directed":null,"U":"we do?","FIG":0,"speaker":"*FAT:"},{"index":1380,"Stimuli":"*CHI: yeah.","directed":null,"U":"yeah.","FIG":0,"speaker":"*CHI:"},{"index":1381,"Stimuli":"*FAT: what are we going to do there?","directed":null,"U":"what are we going to do there?","FIG":0,"speaker":"*FAT:"},{"index":1382,"Stimuli":"*CHI: we're going to play there.","directed":null,"U":"we're going to play there.","FIG":0,"speaker":"*CHI:"}]