[{"index":183,"Stimuli":"*FAT: no. say he called me a twerp.","directed":null,"U":"no. say he called me a twerp.","FIG":0,"speaker":"*FAT:"},{"index":184,"Stimuli":"*CHI: you're a twerp.","directed":null,"U":"you're a twerp.","FIG":0,"speaker":"*CHI:"},{"index":185,"Stimuli":"*FAT: okay. Ross. say I called Daddy a twerp.","directed":null,"U":"okay. Ross. say I called Daddy a twerp.","FIG":0,"speaker":"*FAT:"},{"index":186,"Stimuli":"*CHI: I called Daddy a twerp.","directed":null,"U":"I called Daddy a twerp.","FIG":0,"speaker":"*CHI:"},{"index":187,"Stimuli":"*FAT: okay.","directed":null,"U":"okay.","FIG":0,"speaker":"*FAT:"},{"index":188,"Stimuli":"*CHI: he's getting unhappy. and he doesn't likes to be unhappy.","directed":null,"U":"he's getting unhappy. and he doesn't likes to be unhappy.","FIG":0,"speaker":"*CHI:"},{"index":189,"Stimuli":"*FAT: is his blanket dirty?","directed":null,"U":"is his blanket dirty?","FIG":0,"speaker":"*FAT:"},{"index":190,"Stimuli":"*CHI: no. this Bobby is clean [= Bobby sleeper].","directed":null,"U":"no. this Bobby is clean [= Bobby sleeper].","FIG":0,"speaker":"*CHI:"},{"index":191,"Stimuli":"*CHI: I did pee pee in my pants last year.","directed":"child-produced","U":"I did pee pee in my pants last year.","FIG":1,"speaker":"*CHI:"},{"index":192,"Stimuli":"*FAT: what are you doing. Ross?","directed":null,"U":"what are you doing. Ross?","FIG":0,"speaker":"*FAT:"},{"index":193,"Stimuli":"*CHI: I'm making a circle.","directed":null,"U":"I'm making a circle.","FIG":0,"speaker":"*CHI:"},{"index":194,"Stimuli":"*FAT: wow.","directed":null,"U":"wow.","FIG":0,"speaker":"*FAT:"},{"index":195,"Stimuli":"*CHI: I'm making a circle.","directed":null,"U":"I'm making a circle.","FIG":0,"speaker":"*CHI:"},{"index":196,"Stimuli":"*FAT: you're making a circle?","directed":null,"U":"you're making a circle?","FIG":0,"speaker":"*FAT:"},{"index":197,"Stimuli":"*CHI: yeah.","directed":null,"U":"yeah.","FIG":0,"speaker":"*CHI:"},{"index":198,"Stimuli":"*FAT: why?","directed":null,"U":"why?","FIG":0,"speaker":"*FAT:"},{"index":199,"Stimuli":"*CHI: because I want to. because that's nice.","directed":null,"U":"because I want to. because that's nice.","FIG":0,"speaker":"*CHI:"},{"index":200,"Stimuli":"*CHI: I want that bottle.","directed":null,"U":"I want that bottle.","FIG":0,"speaker":"*CHI:"},{"index":201,"Stimuli":"*CHI: I! want the bottle.","directed":null,"U":"I! want the bottle.","FIG":0,"speaker":"*CHI:"},{"index":202,"Stimuli":"*CHI: can I have the bottle?","directed":null,"U":"can I have the bottle?","FIG":0,"speaker":"*CHI:"}]