[{"index":263,"Stimuli":"*CHI: yeah.","directed":null,"U":"yeah.","FIG":0,"speaker":"*CHI:"},{"index":264,"Stimuli":"*FAT: well. what happened?","directed":null,"U":"well. what happened?","FIG":0,"speaker":"*FAT:"},{"index":265,"Stimuli":"*FAT: was there a_lot_of noise. or what?","directed":"child-directed","U":"was there a_lot_of noise. or what?","FIG":1,"speaker":"*FAT:"},{"index":266,"Stimuli":"*CHI: yeah.","directed":null,"U":"yeah.","FIG":0,"speaker":"*CHI:"},{"index":267,"Stimuli":"*FAT: it was pretty bad?","directed":"child-directed","U":"it was pretty bad?","FIG":1,"speaker":"*FAT:"},{"index":268,"Stimuli":"*CHI: yeah.","directed":null,"U":"yeah.","FIG":0,"speaker":"*CHI:"},{"index":269,"Stimuli":"*FAT: oh my. terrible.","directed":"child-directed","U":"oh my. terrible.","FIG":1,"speaker":"*FAT:"},{"index":270,"Stimuli":"*CHI: and I said no no cars +...","directed":null,"U":"and I said no no cars +...","FIG":0,"speaker":"*CHI:"},{"index":271,"Stimuli":"*FAT: yeah.","directed":null,"U":"yeah.","FIG":0,"speaker":"*FAT:"},{"index":272,"Stimuli":"*CHI: +, and they cracked the vacuum cleaner.","directed":null,"U":"+, and they cracked the vacuum cleaner.","FIG":0,"speaker":"*CHI:"},{"index":273,"Stimuli":"*FAT: they did?","directed":null,"U":"they did?","FIG":0,"speaker":"*FAT:"},{"index":274,"Stimuli":"*FAT: I see.","directed":null,"U":"I see.","FIG":0,"speaker":"*FAT:"},{"index":275,"Stimuli":"*FAT: well. can you fix it?","directed":null,"U":"well. can you fix it?","FIG":0,"speaker":"*FAT:"},{"index":276,"Stimuli":"*CHI: no. I can clean it.","directed":null,"U":"no. I can clean it.","FIG":0,"speaker":"*CHI:"},{"index":277,"Stimuli":"*FAT: you can clean it out where it's messy?","directed":null,"U":"you can clean it out where it's messy?","FIG":0,"speaker":"*FAT:"},{"index":278,"Stimuli":"*CHI: yeah.","directed":null,"U":"yeah.","FIG":0,"speaker":"*CHI:"},{"index":279,"Stimuli":"*FAT: okay.","directed":null,"U":"okay.","FIG":0,"speaker":"*FAT:"},{"index":280,"Stimuli":"*FAT: good boy.","directed":null,"U":"good boy.","FIG":0,"speaker":"*FAT:"},{"index":281,"Stimuli":"*FAT: can Mark help?","directed":null,"U":"can Mark help?","FIG":0,"speaker":"*FAT:"},{"index":282,"Stimuli":"*CHI: yeah.","directed":null,"U":"yeah.","FIG":0,"speaker":"*CHI:"}]