[{"index":143,"Stimuli":"*FAT: no. because Christmas is over.","directed":null,"U":"no. because Christmas is over.","FIG":0,"speaker":"*FAT:"},{"index":144,"Stimuli":"*CHI: because why.","directed":null,"U":"because why.","FIG":0,"speaker":"*CHI:"},{"index":145,"Stimuli":"*FAT: no more Thanksgiving. no more Halloween.","directed":null,"U":"no more Thanksgiving. no more Halloween.","FIG":0,"speaker":"*FAT:"},{"index":146,"Stimuli":"*CHI: you forgot your party.","directed":null,"U":"you forgot your party.","FIG":0,"speaker":"*CHI:"},{"index":147,"Stimuli":"*FAT: we're going to have Easter now.","directed":null,"U":"we're going to have Easter now.","FIG":0,"speaker":"*FAT:"},{"index":148,"Stimuli":"*CHI: you forgot your party.","directed":null,"U":"you forgot your party.","FIG":0,"speaker":"*CHI:"},{"index":149,"Stimuli":"*FAT: oh. no.","directed":null,"U":"oh. no.","FIG":0,"speaker":"*FAT:"},{"index":150,"Stimuli":"*FAT: I have mine in the summer. honey.","directed":"child-directed","U":"I have mine in the summer. honey.","FIG":1,"speaker":"*FAT:"},{"index":151,"Stimuli":"*FAT: mine comes in the summer.","directed":null,"U":"mine comes in the summer.","FIG":0,"speaker":"*FAT:"},{"index":152,"Stimuli":"*FAT: yours is in the winter. mine is in the summer.","directed":null,"U":"yours is in the winter. mine is in the summer.","FIG":0,"speaker":"*FAT:"},{"index":153,"Stimuli":"*CHI: and where's my mommy's?","directed":null,"U":"and where's my mommy's?","FIG":0,"speaker":"*CHI:"},{"index":154,"Stimuli":"*FAT: your mommy's?","directed":null,"U":"your mommy's?","FIG":0,"speaker":"*FAT:"},{"index":155,"Stimuli":"*FAT: pretty soon.","directed":"child-directed","U":"pretty soon.","FIG":1,"speaker":"*FAT:"},{"index":156,"Stimuli":"*FAT: mommy's having her birthday pretty soon.","directed":"child-directed","U":"mommy's having her birthday pretty soon.","FIG":1,"speaker":"*FAT:"},{"index":157,"Stimuli":"*FAT: that's the next birthday. is your mommy's.","directed":null,"U":"that's the next birthday. is your mommy's.","FIG":0,"speaker":"*FAT:"},{"index":158,"Stimuli":"*FAT: it's coming up real soon.","directed":"child-directed","U":"it's coming up real soon.","FIG":1,"speaker":"*FAT:"},{"index":159,"Stimuli":"*CHI: but would I already have +...","directed":null,"U":"but would I already have +...","FIG":0,"speaker":"*CHI:"},{"index":160,"Stimuli":"*CHI: this is nice shirt [= This is a nice shirt.].","directed":null,"U":"this is nice shirt [= This is a nice shirt.].","FIG":0,"speaker":"*CHI:"},{"index":161,"Stimuli":"*FAT: why is he trying to get out_of his chair?","directed":null,"U":"why is he trying to get out_of his chair?","FIG":0,"speaker":"*FAT:"},{"index":162,"Stimuli":"*CHI: because he's not supposed to.","directed":null,"U":"because he's not supposed to.","FIG":0,"speaker":"*CHI:"}]