[{"index":643,"Stimuli":"*CHI: I'm just is.","directed":null,"U":"I'm just is.","FIG":0,"speaker":"*CHI:"},{"index":644,"Stimuli":"*CHI: I said I just is.","directed":null,"U":"I said I just is.","FIG":0,"speaker":"*CHI:"},{"index":645,"Stimuli":"*FAT: right.","directed":null,"U":"right.","FIG":0,"speaker":"*FAT:"},{"index":646,"Stimuli":"*CHI: can I see my map?","directed":null,"U":"can I see my map?","FIG":0,"speaker":"*CHI:"},{"index":647,"Stimuli":"*FAT: yeah.","directed":null,"U":"yeah.","FIG":0,"speaker":"*FAT:"},{"index":648,"Stimuli":"*CHI: can I have it too?","directed":null,"U":"can I have it too?","FIG":0,"speaker":"*CHI:"},{"index":649,"Stimuli":"*FAT: yeah.","directed":null,"U":"yeah.","FIG":0,"speaker":"*FAT:"},{"index":650,"Stimuli":"*CHI: I get to keep it forever and forever?","directed":"child-produced","U":"I get to keep it forever and forever?","FIG":1,"speaker":"*CHI:"},{"index":651,"Stimuli":"*CHI: my baby calls Mark. not muppet.","directed":null,"U":"my baby calls Mark. not muppet.","FIG":0,"speaker":"*CHI:"},{"index":652,"Stimuli":"*CHI: buckle my baby brother in tight.","directed":null,"U":"buckle my baby brother in tight.","FIG":0,"speaker":"*CHI:"},{"index":653,"Stimuli":"*CHI: Marky's going to be a hulk. and you're going to be a hulk. and I'm going to be a hulk too. so we can watch The_Hulk.","directed":"child-produced","U":"Marky's going to be a hulk. and you're going to be a hulk. and I'm going to be a hulk too. so we can watch The_Hulk.","FIG":1,"speaker":"*CHI:"},{"index":654,"Stimuli":"*CHI: what them from?","directed":null,"U":"what them from?","FIG":0,"speaker":"*CHI:"},{"index":655,"Stimuli":"*CHI: where you get them from?","directed":null,"U":"where you get them from?","FIG":0,"speaker":"*CHI:"},{"index":656,"Stimuli":"*CHI: where do you get the pictures from?","directed":null,"U":"where do you get the pictures from?","FIG":0,"speaker":"*CHI:"},{"index":657,"Stimuli":"*FAT: I'm not going to tell you. Ross.","directed":null,"U":"I'm not going to tell you. Ross.","FIG":0,"speaker":"*FAT:"},{"index":658,"Stimuli":"*CHI: what?","directed":null,"U":"what?","FIG":0,"speaker":"*CHI:"},{"index":659,"Stimuli":"*FAT: I'm not going to tell you where I get the pictures from.","directed":null,"U":"I'm not going to tell you where I get the pictures from.","FIG":0,"speaker":"*FAT:"},{"index":660,"Stimuli":"*CHI: those are my cowboy boots and I go ride on a big horse.","directed":null,"U":"those are my cowboy boots and I go ride on a big horse.","FIG":0,"speaker":"*CHI:"},{"index":661,"Stimuli":"*CHI: here. here are my boots.","directed":null,"U":"here. here are my boots.","FIG":0,"speaker":"*CHI:"},{"index":662,"Stimuli":"*FAT: does it hurt?","directed":null,"U":"does it hurt?","FIG":0,"speaker":"*FAT:"}]