[{"index":783,"Stimuli":"*MAR: Tee Tee [x 3].","directed":null,"U":"Tee Tee [x 3].","FIG":0,"speaker":"*MAR:"},{"index":784,"Stimuli":"*MOT: nice Titus.","directed":null,"U":"nice Titus.","FIG":0,"speaker":"*MOT:"},{"index":785,"Stimuli":"*MAR: nice Titus.","directed":null,"U":"nice Titus.","FIG":0,"speaker":"*MAR:"},{"index":786,"Stimuli":"*MAR: dat [: that] Titus [= that's Titus].","directed":null,"U":"dat [: that] Titus [= that's Titus].","FIG":0,"speaker":"*MAR:"},{"index":787,"Stimuli":"*MAR: bumbo@c.","directed":null,"U":"bumbo@c.","FIG":0,"speaker":"*MAR:"},{"index":788,"Stimuli":"*CHI: what's gray?","directed":null,"U":"what's gray?","FIG":0,"speaker":"*CHI:"},{"index":789,"Stimuli":"*CHI: Mary then points at colors on quilt to illustrate.","directed":null,"U":"Mary then points at colors on quilt to illustrate.","FIG":0,"speaker":"*CHI:"},{"index":790,"Stimuli":"*CHI: what's big red sticks on the dark?","directed":null,"U":"what's big red sticks on the dark?","FIG":0,"speaker":"*CHI:"},{"index":791,"Stimuli":"*CHI: let's do some more playing.","directed":null,"U":"let's do some more playing.","FIG":0,"speaker":"*CHI:"},{"index":792,"Stimuli":"*CHI: I'm down the chimney.","directed":"child-produced","U":"I'm down the chimney.","FIG":1,"speaker":"*CHI:"},{"index":793,"Stimuli":"*FAT: just like Santa Claus.","directed":null,"U":"just like Santa Claus.","FIG":0,"speaker":"*FAT:"},{"index":794,"Stimuli":"*CHI: up on the roof top. quick. quick. quick. down through the chimney with good Saint Nick.","directed":null,"U":"up on the roof top. quick. quick. quick. down through the chimney with good Saint Nick.","FIG":0,"speaker":"*CHI:"},{"index":795,"Stimuli":"*FAT: Ross do you want to sing it?","directed":null,"U":"Ross do you want to sing it?","FIG":0,"speaker":"*FAT:"},{"index":796,"Stimuli":"*CHI: huh?","directed":null,"U":"huh?","FIG":0,"speaker":"*CHI:"},{"index":797,"Stimuli":"*CHI: do you want to sing that song?","directed":null,"U":"do you want to sing that song?","FIG":0,"speaker":"*CHI:"},{"index":798,"Stimuli":"*CHI: xxx.","directed":null,"U":"xxx.","FIG":0,"speaker":"*CHI:"},{"index":799,"Stimuli":"*FAT: say up on the roof top.","directed":null,"U":"say up on the roof top.","FIG":0,"speaker":"*FAT:"},{"index":800,"Stimuli":"*CHI: up on the roof top. quick. quick. quick. down through the chimney with Nick. Nick. Nick.","directed":null,"U":"up on the roof top. quick. quick. quick. down through the chimney with Nick. Nick. Nick.","FIG":0,"speaker":"*CHI:"},{"index":801,"Stimuli":"*CHI: Nick Nick Nick?","directed":null,"U":"Nick Nick Nick?","FIG":0,"speaker":"*CHI:"},{"index":802,"Stimuli":"*CHI: yeah.","directed":null,"U":"yeah.","FIG":0,"speaker":"*CHI:"}]