[{"index":1223,"Stimuli":"*FAT: no uppie right now.","directed":null,"U":"no uppie right now.","FIG":0,"speaker":"*FAT:"},{"index":1224,"Stimuli":"*MOT: uppie?","directed":null,"U":"uppie?","FIG":0,"speaker":"*MOT:"},{"index":1225,"Stimuli":"*MOT: come here Ross.","directed":null,"U":"come here Ross.","FIG":0,"speaker":"*MOT:"},{"index":1226,"Stimuli":"*FAT: Mommy will give you uppies@c.","directed":null,"U":"Mommy will give you uppies@c.","FIG":0,"speaker":"*FAT:"},{"index":1227,"Stimuli":"*MOT: here you go.","directed":null,"U":"here you go.","FIG":0,"speaker":"*MOT:"},{"index":1228,"Stimuli":"*FAT: Mommy will give you a nice uppie.","directed":null,"U":"Mommy will give you a nice uppie.","FIG":0,"speaker":"*FAT:"},{"index":1229,"Stimuli":"*MOT: &=laughs.","directed":null,"U":"&=laughs.","FIG":0,"speaker":"*MOT:"},{"index":1230,"Stimuli":"*FAT: you got_to watch out for her she's mean Ross.","directed":"child-directed","U":"you got_to watch out for her she's mean Ross.","FIG":1,"speaker":"*FAT:"},{"index":1231,"Stimuli":"*FAT: you better watch out for Ross he's really coming +...","directed":null,"U":"you better watch out for Ross he's really coming +...","FIG":0,"speaker":"*FAT:"},{"index":1232,"Stimuli":"*MOT: www.","directed":null,"U":"www.","FIG":0,"speaker":"*MOT:"},{"index":1233,"Stimuli":"*MOT: come on I'll uppie you.","directed":null,"U":"come on I'll uppie you.","FIG":0,"speaker":"*MOT:"},{"index":1234,"Stimuli":"*MOT: he doesn't want to do uppie.","directed":null,"U":"he doesn't want to do uppie.","FIG":0,"speaker":"*MOT:"},{"index":1235,"Stimuli":"*MOT: he just wants to hit me.","directed":null,"U":"he just wants to hit me.","FIG":0,"speaker":"*MOT:"},{"index":1236,"Stimuli":"*FAT: he just wants to play.","directed":null,"U":"he just wants to play.","FIG":0,"speaker":"*FAT:"},{"index":1237,"Stimuli":"*MOT: play.","directed":null,"U":"play.","FIG":0,"speaker":"*MOT:"},{"index":1238,"Stimuli":"*CHI: 0 [=! screaming and laughing].","directed":null,"U":"0 [=! screaming and laughing].","FIG":0,"speaker":"*CHI:"},{"index":1239,"Stimuli":"*CHI: <her> [\/] her got me.","directed":null,"U":"<her> [\/] her got me.","FIG":0,"speaker":"*CHI:"},{"index":1240,"Stimuli":"*FAT: your not an uppie baby you're a play baby.","directed":null,"U":"your not an uppie baby you're a play baby.","FIG":0,"speaker":"*FAT:"},{"index":1241,"Stimuli":"*CHI: yeah.","directed":null,"U":"yeah.","FIG":0,"speaker":"*CHI:"},{"index":1242,"Stimuli":"*FAT: you're not an uppie.","directed":null,"U":"you're not an uppie.","FIG":0,"speaker":"*FAT:"}]