[{"index":43,"Stimuli":"*FAT: yeah. because the man was bad. what else.","directed":null,"U":"yeah. because the man was bad. what else.","FIG":0,"speaker":"*FAT:"},{"index":44,"Stimuli":"*FAT: what is he saying?","directed":null,"U":"what is he saying?","FIG":0,"speaker":"*FAT:"},{"index":45,"Stimuli":"*FAT: what is the Hulk saying?","directed":null,"U":"what is the Hulk saying?","FIG":0,"speaker":"*FAT:"},{"index":46,"Stimuli":"*CHI: he say rrraar@o!.","directed":null,"U":"he say rrraar@o!.","FIG":0,"speaker":"*CHI:"},{"index":47,"Stimuli":"*CHI: rrraar@o!.","directed":null,"U":"rrraar@o!.","FIG":0,"speaker":"*CHI:"},{"index":48,"Stimuli":"*FAT: okay.","directed":null,"U":"okay.","FIG":0,"speaker":"*FAT:"},{"index":49,"Stimuli":"*CHI: and then he says Little Jack Horner sat in the corner eating the Christmas pie.","directed":null,"U":"and then he says Little Jack Horner sat in the corner eating the Christmas pie.","FIG":0,"speaker":"*CHI:"},{"index":50,"Stimuli":"*CHI: and he put in his thumb and took out a plum and said oh:. oh:. what a good boy am I!","directed":"child-produced","U":"and he put in his thumb and took out a plum and said oh:. oh:. what a good boy am I!","FIG":1,"speaker":"*CHI:"},{"index":51,"Stimuli":"*FAT: very good!","directed":null,"U":"very good!","FIG":0,"speaker":"*FAT:"},{"index":52,"Stimuli":"*FAT: now. let's turn the page.","directed":null,"U":"now. let's turn the page.","FIG":0,"speaker":"*FAT:"},{"index":53,"Stimuli":"*FAT: now. what's the Hulk doing here?","directed":null,"U":"now. what's the Hulk doing here?","FIG":0,"speaker":"*FAT:"},{"index":54,"Stimuli":"*CHI: him do no Hulk.","directed":null,"U":"him do no Hulk.","FIG":0,"speaker":"*CHI:"},{"index":55,"Stimuli":"*FAT: there's no Hulk there?","directed":null,"U":"there's no Hulk there?","FIG":0,"speaker":"*FAT:"},{"index":56,"Stimuli":"*CHI: no.","directed":null,"U":"no.","FIG":0,"speaker":"*CHI:"},{"index":57,"Stimuli":"*FAT: well. what's happening?","directed":null,"U":"well. what's happening?","FIG":0,"speaker":"*FAT:"},{"index":58,"Stimuli":"*CHI: the mean guys are scary.","directed":null,"U":"the mean guys are scary.","FIG":0,"speaker":"*CHI:"},{"index":59,"Stimuli":"*FAT: they're scary. &-uh &-uh.","directed":null,"U":"they're scary. &-uh &-uh.","FIG":0,"speaker":"*FAT:"},{"index":60,"Stimuli":"*FAT: and there's a snake. right?","directed":null,"U":"and there's a snake. right?","FIG":0,"speaker":"*FAT:"},{"index":61,"Stimuli":"*CHI: yeah.","directed":null,"U":"yeah.","FIG":0,"speaker":"*CHI:"},{"index":62,"Stimuli":"*FAT: there's a snake here.","directed":null,"U":"there's a snake here.","FIG":0,"speaker":"*FAT:"}]