[{"index":603,"Stimuli":"*CHI: watch out.","directed":null,"U":"watch out.","FIG":0,"speaker":"*CHI:"},{"index":604,"Stimuli":"*CHI: you'll cut your hand.","directed":null,"U":"you'll cut your hand.","FIG":0,"speaker":"*CHI:"},{"index":605,"Stimuli":"*CHI: another big poo did come.","directed":"child-produced","U":"another big poo did come.","FIG":1,"speaker":"*CHI:"},{"index":606,"Stimuli":null,"directed":null,"U":null,"FIG":0,"speaker":"From file <030001c.cha>"},{"index":607,"Stimuli":"*CHI: don't cut myself.","directed":null,"U":"don't cut myself.","FIG":0,"speaker":"*CHI:"},{"index":608,"Stimuli":"*CHI: why is not bigger?","directed":null,"U":"why is not bigger?","FIG":0,"speaker":"*CHI:"},{"index":609,"Stimuli":"*CHI: go up me [= Make me go up].","directed":null,"U":"go up me [= Make me go up].","FIG":0,"speaker":"*CHI:"},{"index":610,"Stimuli":"*CHI: Mark is this years older and I'm this years old.","directed":null,"U":"Mark is this years older and I'm this years old.","FIG":0,"speaker":"*CHI:"},{"index":611,"Stimuli":"*CHI: somebody said me not to drive my car.","directed":null,"U":"somebody said me not to drive my car.","FIG":0,"speaker":"*CHI:"},{"index":612,"Stimuli":"*CHI: somebody said not to me to drive my car.","directed":null,"U":"somebody said not to me to drive my car.","FIG":0,"speaker":"*CHI:"},{"index":613,"Stimuli":"*MOT: who's going to drive your car?","directed":null,"U":"who's going to drive your car?","FIG":0,"speaker":"*MOT:"},{"index":614,"Stimuli":"*CHI: the ghost said.","directed":"child-produced","U":"the ghost said.","FIG":1,"speaker":"*CHI:"},{"index":615,"Stimuli":"*MOT: are you going to?","directed":null,"U":"are you going to?","FIG":0,"speaker":"*MOT:"},{"index":616,"Stimuli":"*MOT: are you going to help the ghost drive the car?","directed":"child-directed","U":"are you going to help the ghost drive the car?","FIG":1,"speaker":"*MOT:"},{"index":617,"Stimuli":"*CHI: yeah.","directed":null,"U":"yeah.","FIG":0,"speaker":"*CHI:"},{"index":618,"Stimuli":"*MOT: would you like to go do that?","directed":null,"U":"would you like to go do that?","FIG":0,"speaker":"*MOT:"},{"index":619,"Stimuli":"*CHI: okay.","directed":null,"U":"okay.","FIG":0,"speaker":"*CHI:"},{"index":620,"Stimuli":"*MOT: okay.","directed":null,"U":"okay.","FIG":0,"speaker":"*MOT:"},{"index":621,"Stimuli":"*CHI: I can't drive it.","directed":null,"U":"I can't drive it.","FIG":0,"speaker":"*CHI:"},{"index":622,"Stimuli":"*MOT: why not?","directed":null,"U":"why not?","FIG":0,"speaker":"*MOT:"}]