[{"index":3,"Stimuli":"*CHI: they weren't able to sleep.","directed":null,"U":"they weren't able to sleep.","FIG":0,"speaker":"*CHI:"},{"index":4,"Stimuli":"*CHI: we're going to see them next year when they wake up.","directed":"child-produced","U":"we're going to see them next year when they wake up.","FIG":1,"speaker":"*CHI:"},{"index":5,"Stimuli":"*CHI: did you come here when you was a little baby?","directed":null,"U":"did you come here when you was a little baby?","FIG":0,"speaker":"*CHI:"},{"index":6,"Stimuli":"*CHI: do you got the right money?","directed":null,"U":"do you got the right money?","FIG":0,"speaker":"*CHI:"},{"index":7,"Stimuli":"*CHI: I want to go poo.","directed":null,"U":"I want to go poo.","FIG":0,"speaker":"*CHI:"},{"index":8,"Stimuli":"*CHI: actually I don't want to go poo because I want to make a snowman.","directed":null,"U":"actually I don't want to go poo because I want to make a snowman.","FIG":0,"speaker":"*CHI:"},{"index":9,"Stimuli":"*CHI: I jumped over it.","directed":null,"U":"I jumped over it.","FIG":0,"speaker":"*CHI:"},{"index":10,"Stimuli":"*CHI: we're locked and closed.","directed":null,"U":"we're locked and closed.","FIG":0,"speaker":"*CHI:"},{"index":11,"Stimuli":"*CHI: papa. we forgot to go ice skate.","directed":null,"U":"papa. we forgot to go ice skate.","FIG":0,"speaker":"*CHI:"},{"index":12,"Stimuli":"*FAT: we forgot to go ice skating?","directed":null,"U":"we forgot to go ice skating?","FIG":0,"speaker":"*FAT:"},{"index":13,"Stimuli":"*CHI: yeah.","directed":null,"U":"yeah.","FIG":0,"speaker":"*CHI:"},{"index":14,"Stimuli":"*FAT: why?","directed":null,"U":"why?","FIG":0,"speaker":"*FAT:"},{"index":15,"Stimuli":"*FAT: what were we going to do there?","directed":null,"U":"what were we going to do there?","FIG":0,"speaker":"*FAT:"},{"index":16,"Stimuli":"*CHI: we forgot to go like that.","directed":null,"U":"we forgot to go like that.","FIG":0,"speaker":"*CHI:"},{"index":17,"Stimuli":"*FAT: oh. we did?","directed":null,"U":"oh. we did?","FIG":0,"speaker":"*FAT:"},{"index":18,"Stimuli":"*CHI: yeah.","directed":null,"U":"yeah.","FIG":0,"speaker":"*CHI:"},{"index":19,"Stimuli":"*FAT: oh. you're right.","directed":null,"U":"oh. you're right.","FIG":0,"speaker":"*FAT:"},{"index":20,"Stimuli":"*FAT: did Marky come with us?","directed":null,"U":"did Marky come with us?","FIG":0,"speaker":"*FAT:"},{"index":21,"Stimuli":"*CHI: no.","directed":null,"U":"no.","FIG":0,"speaker":"*CHI:"},{"index":22,"Stimuli":"*FAT: why did we forget to take Marky?","directed":null,"U":"why did we forget to take Marky?","FIG":0,"speaker":"*FAT:"}]