[{"index":483,"Stimuli":"*FAT: why?","directed":null,"U":"why?","FIG":0,"speaker":"*FAT:"},{"index":484,"Stimuli":"*CHI: because I'm tired of you.","directed":null,"U":"because I'm tired of you.","FIG":0,"speaker":"*CHI:"},{"index":485,"Stimuli":"*FAT: your drawings are wonderful.","directed":"child-directed","U":"your drawings are wonderful.","FIG":1,"speaker":"*FAT:"},{"index":486,"Stimuli":"*CHI: can I eat this cookie?","directed":null,"U":"can I eat this cookie?","FIG":0,"speaker":"*CHI:"},{"index":487,"Stimuli":"*FAT: no. that's rocks.","directed":null,"U":"no. that's rocks.","FIG":0,"speaker":"*FAT:"},{"index":488,"Stimuli":"*FAT: you can't eat that.","directed":null,"U":"you can't eat that.","FIG":0,"speaker":"*FAT:"},{"index":489,"Stimuli":"*CHI: do you have a cookie that I can eat?","directed":null,"U":"do you have a cookie that I can eat?","FIG":0,"speaker":"*CHI:"},{"index":490,"Stimuli":"*FAT: yeah. I've got one.","directed":null,"U":"yeah. I've got one.","FIG":0,"speaker":"*FAT:"},{"index":491,"Stimuli":"*CHI: do you have a cookie for me to eat?","directed":null,"U":"do you have a cookie for me to eat?","FIG":0,"speaker":"*CHI:"},{"index":492,"Stimuli":"*CHI: do you have a cookie to put on the big Christmas tree?","directed":"child-produced","U":"do you have a cookie to put on the big Christmas tree?","FIG":1,"speaker":"*CHI:"},{"index":493,"Stimuli":"*CHI: is my old baby blanket is clean?","directed":null,"U":"is my old baby blanket is clean?","FIG":0,"speaker":"*CHI:"},{"index":494,"Stimuli":"*CHI: you be the broom and I'll be the witch and Marky'll be the black cat.","directed":"child-produced","U":"you be the broom and I'll be the witch and Marky'll be the black cat.","FIG":1,"speaker":"*CHI:"},{"index":495,"Stimuli":"*CHI: and I will be the witch.","directed":"child-produced","U":"and I will be the witch.","FIG":1,"speaker":"*CHI:"},{"index":496,"Stimuli":"*CHI: I got idea.","directed":"child-produced","U":"I got idea.","FIG":1,"speaker":"*CHI:"},{"index":497,"Stimuli":"*CHI: you be the witch and him be the black cat and you be the bat and I be the pumpkin.","directed":"child-produced","U":"you be the witch and him be the black cat and you be the bat and I be the pumpkin.","FIG":1,"speaker":"*CHI:"},{"index":498,"Stimuli":"*FAT: okay.","directed":null,"U":"okay.","FIG":0,"speaker":"*FAT:"},{"index":499,"Stimuli":"*CHI: pum@o. pum@o. pum@o.","directed":null,"U":"pum@o. pum@o. pum@o.","FIG":0,"speaker":"*CHI:"},{"index":500,"Stimuli":"*FAT: Ross. do you want to play with your lego?","directed":null,"U":"Ross. do you want to play with your lego?","FIG":0,"speaker":"*FAT:"},{"index":501,"Stimuli":"*CHI: pum@o. pum@o. pum@o [= pumpkin sound].","directed":null,"U":"pum@o. pum@o. pum@o [= pumpkin sound].","FIG":0,"speaker":"*CHI:"},{"index":502,"Stimuli":"*FAT: do you want to play with your lego?","directed":null,"U":"do you want to play with your lego?","FIG":0,"speaker":"*FAT:"}]