[{"index":1163,"Stimuli":"*CHI: nope.","directed":null,"U":"nope.","FIG":0,"speaker":"*CHI:"},{"index":1164,"Stimuli":"*FAT: yep your mouth is dirty.","directed":null,"U":"yep your mouth is dirty.","FIG":0,"speaker":"*FAT:"},{"index":1165,"Stimuli":"*FAT: yes it is.","directed":null,"U":"yes it is.","FIG":0,"speaker":"*FAT:"},{"index":1166,"Stimuli":"*FAT: yes it is I can see it.","directed":null,"U":"yes it is I can see it.","FIG":0,"speaker":"*FAT:"},{"index":1167,"Stimuli":"*FAT: it's not so bad but we'll clean it okay.","directed":null,"U":"it's not so bad but we'll clean it okay.","FIG":0,"speaker":"*FAT:"},{"index":1168,"Stimuli":"*CHI: no!","directed":null,"U":"no!","FIG":0,"speaker":"*CHI:"},{"index":1169,"Stimuli":"*FAT: oh Mom that's so nice of you.","directed":null,"U":"oh Mom that's so nice of you.","FIG":0,"speaker":"*FAT:"},{"index":1170,"Stimuli":"*FAT: okay you're finished right Ross?","directed":null,"U":"okay you're finished right Ross?","FIG":0,"speaker":"*FAT:"},{"index":1171,"Stimuli":"*CHI: ye:ah!","directed":null,"U":"ye:ah!","FIG":0,"speaker":"*CHI:"},{"index":1172,"Stimuli":"*FAT: very good cake mom.","directed":null,"U":"very good cake mom.","FIG":0,"speaker":"*FAT:"},{"index":1173,"Stimuli":"*FAT: excellent frosting.","directed":"adult-directed","U":"excellent frosting.","FIG":1,"speaker":"*FAT:"},{"index":1174,"Stimuli":"*CHI: excellent frosting.","directed":"child-produced","U":"excellent frosting.","FIG":1,"speaker":"*CHI:"},{"index":1175,"Stimuli":"*FAT: excellent frosting.","directed":"child-directed","U":"excellent frosting.","FIG":1,"speaker":"*FAT:"},{"index":1176,"Stimuli":"*FAT: super moist.","directed":"adult-directed","U":"super moist.","FIG":1,"speaker":"*FAT:"},{"index":1177,"Stimuli":"*MOT: it's excellent frosting because it's homemade.","directed":"adult-directed","U":"it's excellent frosting because it's homemade.","FIG":1,"speaker":"*MOT:"},{"index":1178,"Stimuli":"*CHI: what are we going to have now?","directed":null,"U":"what are we going to have now?","FIG":0,"speaker":"*CHI:"},{"index":1179,"Stimuli":"*FAT: nothing.","directed":"child-directed","U":"nothing.","FIG":1,"speaker":"*FAT:"},{"index":1180,"Stimuli":"*CHI: huh?","directed":null,"U":"huh?","FIG":0,"speaker":"*CHI:"},{"index":1181,"Stimuli":"*CHI: xxx.","directed":null,"U":"xxx.","FIG":0,"speaker":"*CHI:"},{"index":1182,"Stimuli":"*CHI: I have_to wash my hands.","directed":null,"U":"I have_to wash my hands.","FIG":0,"speaker":"*CHI:"}]