[{"index":223,"Stimuli":"*FAT: say please. say please.","directed":null,"U":"say please. say please.","FIG":0,"speaker":"*FAT:"},{"index":224,"Stimuli":"*FAT: mommy. can Mark have a little bottle to play with?","directed":null,"U":"mommy. can Mark have a little bottle to play with?","FIG":0,"speaker":"*FAT:"},{"index":225,"Stimuli":"*FAT: Ross has got all the good toys. don't you Ross.","directed":"child-directed","U":"Ross has got all the good toys. don't you Ross.","FIG":1,"speaker":"*FAT:"},{"index":226,"Stimuli":"*CHI: yeah.","directed":null,"U":"yeah.","FIG":0,"speaker":"*CHI:"},{"index":227,"Stimuli":"*CHI: and I said please.","directed":null,"U":"and I said please.","FIG":0,"speaker":"*CHI:"},{"index":228,"Stimuli":"*FAT: yeah.","directed":null,"U":"yeah.","FIG":0,"speaker":"*FAT:"},{"index":229,"Stimuli":"*CHI: yep.","directed":null,"U":"yep.","FIG":0,"speaker":"*CHI:"},{"index":230,"Stimuli":"*CHI: this is our bottle.","directed":null,"U":"this is our bottle.","FIG":0,"speaker":"*CHI:"},{"index":231,"Stimuli":"*FAT: okay. is your car all cleaned up?","directed":"child-directed","U":"okay. is your car all cleaned up?","FIG":1,"speaker":"*FAT:"},{"index":232,"Stimuli":"*CHI: no.","directed":null,"U":"no.","FIG":0,"speaker":"*CHI:"},{"index":233,"Stimuli":"*FAT: what's happened with your car?","directed":null,"U":"what's happened with your car?","FIG":0,"speaker":"*FAT:"},{"index":234,"Stimuli":"*CHI: it got cracked.","directed":null,"U":"it got cracked.","FIG":0,"speaker":"*CHI:"},{"index":235,"Stimuli":"*FAT: it got cracked?","directed":null,"U":"it got cracked?","FIG":0,"speaker":"*FAT:"},{"index":236,"Stimuli":"*CHI: yeah.","directed":null,"U":"yeah.","FIG":0,"speaker":"*CHI:"},{"index":237,"Stimuli":"*FAT: how come?","directed":null,"U":"how come?","FIG":0,"speaker":"*FAT:"},{"index":238,"Stimuli":"*CHI: because the car did it.","directed":null,"U":"because the car did it.","FIG":0,"speaker":"*CHI:"},{"index":239,"Stimuli":"*FAT: it did?","directed":null,"U":"it did?","FIG":0,"speaker":"*FAT:"},{"index":240,"Stimuli":"*CHI: yeah.","directed":null,"U":"yeah.","FIG":0,"speaker":"*CHI:"},{"index":241,"Stimuli":"*FAT: &-uh &-uh.","directed":null,"U":"&-uh &-uh.","FIG":0,"speaker":"*FAT:"},{"index":242,"Stimuli":"*FAT: when did that happen?","directed":null,"U":"when did that happen?","FIG":0,"speaker":"*FAT:"}]