[{"index":1003,"Stimuli":"*FAT: don't burn your finger.","directed":null,"U":"don't burn your finger.","FIG":0,"speaker":"*FAT:"},{"index":1004,"Stimuli":"*CHI: it's hot now.","directed":null,"U":"it's hot now.","FIG":0,"speaker":"*CHI:"},{"index":1005,"Stimuli":"*FAT: is it?","directed":null,"U":"is it?","FIG":0,"speaker":"*FAT:"},{"index":1006,"Stimuli":"*CHI: I'm going to turn on the cold button.","directed":null,"U":"I'm going to turn on the cold button.","FIG":0,"speaker":"*CHI:"},{"index":1007,"Stimuli":"*FAT: okay.","directed":null,"U":"okay.","FIG":0,"speaker":"*FAT:"},{"index":1008,"Stimuli":"*CHI: I'm going to put the other hot button up.","directed":null,"U":"I'm going to put the other hot button up.","FIG":0,"speaker":"*CHI:"},{"index":1009,"Stimuli":"*FAT: okay.","directed":null,"U":"okay.","FIG":0,"speaker":"*FAT:"},{"index":1010,"Stimuli":"*FAT: now what's happening?","directed":null,"U":"now what's happening?","FIG":0,"speaker":"*FAT:"},{"index":1011,"Stimuli":"*CHI: I'm gonna turn on the cold button.","directed":null,"U":"I'm gonna turn on the cold button.","FIG":0,"speaker":"*CHI:"},{"index":1012,"Stimuli":"*FAT: okay.","directed":null,"U":"okay.","FIG":0,"speaker":"*FAT:"},{"index":1013,"Stimuli":"*CHI: pssssss@o I put on the cold button there because [\/\/] it's ready now.","directed":null,"U":"pssssss@o I put on the cold button there because [\/\/] it's ready now.","FIG":0,"speaker":"*CHI:"},{"index":1014,"Stimuli":"*FAT: was that the water or was that the oven?","directed":null,"U":"was that the water or was that the oven?","FIG":0,"speaker":"*FAT:"},{"index":1015,"Stimuli":"*CHI: that was the oven.","directed":null,"U":"that was the oven.","FIG":0,"speaker":"*CHI:"},{"index":1016,"Stimuli":"*CHI: it's still not ready.","directed":null,"U":"it's still not ready.","FIG":0,"speaker":"*CHI:"},{"index":1017,"Stimuli":"*CHI: I have_to turn on the baby. I have_to turn on the cold baby button on.","directed":null,"U":"I have_to turn on the baby. I have_to turn on the cold baby button on.","FIG":0,"speaker":"*CHI:"},{"index":1018,"Stimuli":"*CHI: I put on the cold baby button on there so it will be ready now.","directed":"child-produced","U":"I put on the cold baby button on there so it will be ready now.","FIG":1,"speaker":"*CHI:"},{"index":1019,"Stimuli":"*CHI: and the spoon went in there.","directed":null,"U":"and the spoon went in there.","FIG":0,"speaker":"*CHI:"},{"index":1020,"Stimuli":"*CHI: we're ready for our dinner.","directed":null,"U":"we're ready for our dinner.","FIG":0,"speaker":"*CHI:"},{"index":1021,"Stimuli":"*CHI: you have some first.","directed":null,"U":"you have some first.","FIG":0,"speaker":"*CHI:"},{"index":1022,"Stimuli":"*FAT: mm:. very good.","directed":null,"U":"mm:. very good.","FIG":0,"speaker":"*FAT:"}]