[{"index":543,"Stimuli":"*FAT: did you think I was saying fruit?","directed":null,"U":"did you think I was saying fruit?","FIG":0,"speaker":"*FAT:"},{"index":544,"Stimuli":"*CHI: no.","directed":null,"U":"no.","FIG":0,"speaker":"*CHI:"},{"index":545,"Stimuli":"*CHI: if you tell my mom I'm going to get mad at you.","directed":null,"U":"if you tell my mom I'm going to get mad at you.","FIG":0,"speaker":"*CHI:"},{"index":546,"Stimuli":"*CHI: if you tell my mom I'm going to get really mad at you.","directed":"child-produced","U":"if you tell my mom I'm going to get really mad at you.","FIG":1,"speaker":"*CHI:"},{"index":547,"Stimuli":"*CHI: I'm going to get really really mad and I can get mad at my Daddy.","directed":"child-produced","U":"I'm going to get really really mad and I can get mad at my Daddy.","FIG":1,"speaker":"*CHI:"},{"index":548,"Stimuli":"*CHI: can I have a mustache like you?","directed":null,"U":"can I have a mustache like you?","FIG":0,"speaker":"*CHI:"},{"index":549,"Stimuli":"*CHI: two little birds sitting on a hill.","directed":null,"U":"two little birds sitting on a hill.","FIG":0,"speaker":"*CHI:"},{"index":550,"Stimuli":"*CHI: one named Jack. one named Jill.","directed":null,"U":"one named Jack. one named Jill.","FIG":0,"speaker":"*CHI:"},{"index":551,"Stimuli":"*CHI: fly away Jack. fly away Jill.","directed":null,"U":"fly away Jack. fly away Jill.","FIG":0,"speaker":"*CHI:"},{"index":552,"Stimuli":"*CHI: come back Jack.","directed":null,"U":"come back Jack.","FIG":0,"speaker":"*CHI:"},{"index":553,"Stimuli":"*CHI: come back Jill.","directed":null,"U":"come back Jill.","FIG":0,"speaker":"*CHI:"},{"index":554,"Stimuli":"*FAT: Ross. do you want to do the Night Before Christmas?","directed":null,"U":"Ross. do you want to do the Night Before Christmas?","FIG":0,"speaker":"*FAT:"},{"index":555,"Stimuli":"*CHI: yeah.","directed":null,"U":"yeah.","FIG":0,"speaker":"*CHI:"},{"index":556,"Stimuli":"*FAT: okay.","directed":null,"U":"okay.","FIG":0,"speaker":"*FAT:"},{"index":557,"Stimuli":"*CHI: the night before Christmas and all through the house.","directed":null,"U":"the night before Christmas and all through the house.","FIG":0,"speaker":"*CHI:"},{"index":558,"Stimuli":"*CHI: not a creature was stirring. not even a mouse.","directed":"child-produced","U":"not a creature was stirring. not even a mouse.","FIG":1,"speaker":"*CHI:"},{"index":559,"Stimuli":"*CHI: and the stockings were hung by the chimney.","directed":null,"U":"and the stockings were hung by the chimney.","FIG":0,"speaker":"*CHI:"},{"index":560,"Stimuli":"*FAT: with care.","directed":null,"U":"with care.","FIG":0,"speaker":"*FAT:"},{"index":561,"Stimuli":"*CHI: with care.","directed":null,"U":"with care.","FIG":0,"speaker":"*CHI:"},{"index":562,"Stimuli":"*CHI: in hopes that Saint_Nick would soon would be there.","directed":null,"U":"in hopes that Saint_Nick would soon would be there.","FIG":0,"speaker":"*CHI:"}]