[{"index":23,"Stimuli":"*CHI: no.","directed":null,"U":"no.","FIG":0,"speaker":"*CHI:"},{"index":24,"Stimuli":"*FAT: but why did we forget to take Marky?","directed":null,"U":"but why did we forget to take Marky?","FIG":0,"speaker":"*FAT:"},{"index":25,"Stimuli":"*CHI: because he get sick.","directed":null,"U":"because he get sick.","FIG":0,"speaker":"*CHI:"},{"index":26,"Stimuli":"*FAT: I want him next time.","directed":null,"U":"I want him next time.","FIG":0,"speaker":"*FAT:"},{"index":27,"Stimuli":"*CHI: okay.","directed":null,"U":"okay.","FIG":0,"speaker":"*CHI:"},{"index":28,"Stimuli":"*FAT: how about you?","directed":null,"U":"how about you?","FIG":0,"speaker":"*FAT:"},{"index":29,"Stimuli":"*FAT: do you want him?","directed":null,"U":"do you want him?","FIG":0,"speaker":"*FAT:"},{"index":30,"Stimuli":"*CHI: yeah.","directed":null,"U":"yeah.","FIG":0,"speaker":"*CHI:"},{"index":31,"Stimuli":"*FAT: yes. you want him. don't you.","directed":null,"U":"yes. you want him. don't you.","FIG":0,"speaker":"*FAT:"},{"index":32,"Stimuli":"*CHI: the Hulk get the part [= is falling apart].","directed":null,"U":"the Hulk get the part [= is falling apart].","FIG":0,"speaker":"*CHI:"},{"index":33,"Stimuli":"*FAT: the part?","directed":null,"U":"the part?","FIG":0,"speaker":"*FAT:"},{"index":34,"Stimuli":"*FAT: let's take a look.","directed":null,"U":"let's take a look.","FIG":0,"speaker":"*FAT:"},{"index":35,"Stimuli":"*FAT: he's going to be okay. Ross.","directed":null,"U":"he's going to be okay. Ross.","FIG":0,"speaker":"*FAT:"},{"index":36,"Stimuli":"*FAT: that Hulk's going to be okay.","directed":null,"U":"that Hulk's going to be okay.","FIG":0,"speaker":"*FAT:"},{"index":37,"Stimuli":"*FAT: tell me about this Hulk. okay?","directed":null,"U":"tell me about this Hulk. okay?","FIG":0,"speaker":"*FAT:"},{"index":38,"Stimuli":"*CHI: he's apart.","directed":null,"U":"he's apart.","FIG":0,"speaker":"*CHI:"},{"index":39,"Stimuli":"*FAT: open it up.","directed":null,"U":"open it up.","FIG":0,"speaker":"*FAT:"},{"index":40,"Stimuli":"*FAT: open it up.","directed":null,"U":"open it up.","FIG":0,"speaker":"*FAT:"},{"index":41,"Stimuli":"*FAT: now. what does he do?","directed":null,"U":"now. what does he do?","FIG":0,"speaker":"*FAT:"},{"index":42,"Stimuli":"*CHI: he broke that man.","directed":"child-produced","U":"he broke that man.","FIG":1,"speaker":"*CHI:"}]