[{"index":823,"Stimuli":"*FAT: do you want to hear Great_Pumkin?","directed":null,"U":"do you want to hear Great_Pumkin?","FIG":0,"speaker":"*FAT:"},{"index":824,"Stimuli":"*CHI: yeah!","directed":null,"U":"yeah!","FIG":0,"speaker":"*CHI:"},{"index":825,"Stimuli":"*FAT: okay I'm going to turn this part off.","directed":null,"U":"okay I'm going to turn this part off.","FIG":0,"speaker":"*FAT:"},{"index":826,"Stimuli":"*CHI: we don't like stupid.","directed":null,"U":"we don't like stupid.","FIG":0,"speaker":"*CHI:"},{"index":827,"Stimuli":"*CHI: stupid.s a bad word.","directed":null,"U":"stupid.s a bad word.","FIG":0,"speaker":"*CHI:"},{"index":828,"Stimuli":"*FAT: who says stupid@q?","directed":null,"U":"who says stupid@q?","FIG":0,"speaker":"*FAT:"},{"index":829,"Stimuli":"*CHI: Charlie Brown said it.","directed":null,"U":"Charlie Brown said it.","FIG":0,"speaker":"*CHI:"},{"index":830,"Stimuli":"*CHI: we don't like it.","directed":null,"U":"we don't like it.","FIG":0,"speaker":"*CHI:"},{"index":831,"Stimuli":"*CHI: I want to hear the Great Pumpkin.","directed":null,"U":"I want to hear the Great Pumpkin.","FIG":0,"speaker":"*CHI:"},{"index":832,"Stimuli":"*FAT: you hafta hear it?","directed":null,"U":"you hafta hear it?","FIG":0,"speaker":"*FAT:"},{"index":833,"Stimuli":"*CHI: yeah.. you writing that to get raisins and chocolate chips for me?","directed":null,"U":"yeah.. you writing that to get raisins and chocolate chips for me?","FIG":0,"speaker":"*CHI:"},{"index":834,"Stimuli":"*FAT: yeah.","directed":null,"U":"yeah.","FIG":0,"speaker":"*FAT:"},{"index":835,"Stimuli":"*CHI: why?","directed":null,"U":"why?","FIG":0,"speaker":"*CHI:"},{"index":836,"Stimuli":"*FAT: because I gotta remember.","directed":null,"U":"because I gotta remember.","FIG":0,"speaker":"*FAT:"},{"index":837,"Stimuli":"*CHI: yeah. I'm going to eat my yogurt all up so the ghosts won't get it.","directed":"child-directed","U":"yeah. I'm going to eat my yogurt all up so the ghosts won't get it.","FIG":1,"speaker":"*CHI:"},{"index":838,"Stimuli":"*CHI: I do some jogging.","directed":null,"U":"I do some jogging.","FIG":0,"speaker":"*CHI:"},{"index":839,"Stimuli":"*CHI: oh. oh. there's a mess!","directed":null,"U":"oh. oh. there's a mess!","FIG":0,"speaker":"*CHI:"},{"index":840,"Stimuli":"*FAT: don't worry about it.","directed":null,"U":"don't worry about it.","FIG":0,"speaker":"*FAT:"},{"index":841,"Stimuli":"*CHI: you guys like me to make a mess?","directed":null,"U":"you guys like me to make a mess?","FIG":0,"speaker":"*CHI:"},{"index":842,"Stimuli":"*FAT: yeah. okay.","directed":null,"U":"yeah. okay.","FIG":0,"speaker":"*FAT:"}]