[{"Non-literal":"literal","directed":null,"speaker":"*FAT:","U":"Mary do you know what Ross is ? \u0015","index":1244,"Stimuli":"*FAT: Mary do you know what Ross is ? \u0015"},{"Non-literal":"literal","directed":null,"speaker":"*MOT:","U":"I heard . \u0015","index":1245,"Stimuli":"*MOT: I heard . \u0015"},{"Non-literal":"counterfactual","directed":"child-directed","speaker":"*FAT:","U":"he's a play boy . \u0015","index":1246,"Stimuli":"*FAT: he's a play boy . \u0015"},{"Non-literal":"literal","directed":null,"speaker":"*MOT:","U":"yep . \u0015","index":1247,"Stimuli":"*MOT: yep . \u0015"},{"Non-literal":"literal","directed":null,"speaker":"*CHI:","U":"0 [=! scream] . \u0015","index":1248,"Stimuli":"*CHI: 0 [=! scream] . \u0015"},{"Non-literal":"counterfactual","directed":"child-directed","speaker":"*FAT:","U":"he really is he's going to be a play boy . \u0015","index":1249,"Stimuli":"*FAT: he really is he's going to be a play boy . \u0015"},{"Non-literal":"counterfactual","directed":"child-directed","speaker":"*FAT:","U":"he's going to be a little good for nothing play boy . \u0015","index":1250,"Stimuli":"*FAT: he's going to be a little good for nothing play boy . \u0015"},{"Non-literal":"literal","directed":null,"speaker":"*MOT:","U":"www . \u0015","index":1251,"Stimuli":"*MOT: www . \u0015"},{"Non-literal":"literal","directed":null,"speaker":"*CHI:","U":"xxx (.) what is it on the phone . \u0015","index":1252,"Stimuli":"*CHI: xxx (.) what is it on the phone . \u0015"},{"Non-literal":"literal","directed":null,"speaker":"*FAT:","U":"I don't know . \u0015","index":1253,"Stimuli":"*FAT: I don't know . \u0015"},{"Non-literal":"literal","directed":null,"speaker":"*FAT:","U":"go ask mom who is it . \u0015","index":1254,"Stimuli":"*FAT: go ask mom who is it . \u0015"},{"Non-literal":"literal","directed":null,"speaker":"*FAT:","U":"say +\"\/. \u0015","index":1255,"Stimuli":"*FAT: say +\"\/. \u0015"},{"Non-literal":"literal","directed":null,"speaker":"*FAT:","U":"+\" mom who is it . \u0015","index":1256,"Stimuli":"*FAT: +\" mom who is it . \u0015"},{"Non-literal":"literal","directed":null,"speaker":"*CHI:","U":"who is it ! \u0015","index":1257,"Stimuli":"*CHI: who is it ! \u0015"},{"Non-literal":"literal","directed":null,"speaker":"*MOT:","U":"it was just a women who wanted to know if we had useable discards and I told her no we didn't have any useable disguards . \u0015","index":1258,"Stimuli":"*MOT: it was just a women who wanted to know if we had useable discards and I told her no we didn't have any useable disguards . \u0015"},{"Non-literal":"literal","directed":null,"speaker":"*CHI:","U":"oh . \u0015","index":1259,"Stimuli":"*CHI: oh . \u0015"},{"Non-literal":"literal","directed":null,"speaker":"*MOT:","U":"www . \u0015","index":1260,"Stimuli":"*MOT: www . \u0015"},{"Non-literal":"counterfactual","directed":"child-produced","speaker":"*CHI:","U":"I don't have a sharp tongue . \u0015","index":1261,"Stimuli":"*CHI: I don't have a sharp tongue . \u0015"},{"Non-literal":"literal","directed":null,"speaker":"*MOT:","U":"right ? \u0015","index":1262,"Stimuli":"*MOT: right ? \u0015"},{"Non-literal":"literal","directed":null,"speaker":"*MOT:","U":"you don't have a what ? \u0015","index":1263,"Stimuli":"*MOT: you don't have a what ? \u0015"},{"Non-literal":"literal","directed":null,"speaker":"*FAT:","U":"what did you say Mary ? \u0015","index":1264,"Stimuli":"*FAT: what did you say Mary ? \u0015"}]