[{"Non-literal":"literal","directed":null,"speaker":"*CHI:","U":"hm: no . \u0015","index":1156,"Stimuli":"*CHI: hm: no . \u0015"},{"Non-literal":"literal","directed":null,"speaker":"*FAT:","U":"sticky ? \u0015","index":1157,"Stimuli":"*FAT: sticky ? \u0015"},{"Non-literal":"literal","directed":null,"speaker":"*FAT:","U":"a little sticky ? \u0015","index":1158,"Stimuli":"*FAT: a little sticky ? \u0015"},{"Non-literal":"literal","directed":null,"speaker":"*CHI:","U":"nope . \u0015","index":1159,"Stimuli":"*CHI: nope . \u0015"},{"Non-literal":"literal","directed":null,"speaker":"*FAT:","U":"nope ? \u0015","index":1160,"Stimuli":"*FAT: nope ? \u0015"},{"Non-literal":"literal","directed":null,"speaker":"*FAT:","U":"that's a little sticky . \u0015","index":1161,"Stimuli":"*FAT: that's a little sticky . \u0015"},{"Non-literal":"literal","directed":null,"speaker":"*FAT:","U":"and your mouth . \u0015","index":1162,"Stimuli":"*FAT: and your mouth . \u0015"},{"Non-literal":"literal","directed":null,"speaker":"*CHI:","U":"nope . \u0015","index":1163,"Stimuli":"*CHI: nope . \u0015"},{"Non-literal":"literal","directed":null,"speaker":"*FAT:","U":"yep your mouth is dirty . \u0015","index":1164,"Stimuli":"*FAT: yep your mouth is dirty . \u0015"},{"Non-literal":"literal","directed":null,"speaker":"*FAT:","U":"yes it is . \u0015","index":1165,"Stimuli":"*FAT: yes it is . \u0015"},{"Non-literal":"literal","directed":null,"speaker":"*FAT:","U":"yes it is I can see it . \u0015","index":1166,"Stimuli":"*FAT: yes it is I can see it . \u0015"},{"Non-literal":"literal","directed":null,"speaker":"*FAT:","U":"it's not so bad but we'll clean it okay . \u0015","index":1167,"Stimuli":"*FAT: it's not so bad but we'll clean it okay . \u0015"},{"Non-literal":"literal","directed":null,"speaker":"*CHI:","U":"no ! \u0015","index":1168,"Stimuli":"*CHI: no ! \u0015"},{"Non-literal":"literal","directed":null,"speaker":"*FAT:","U":"oh Mom that's so nice of you . \u0015","index":1169,"Stimuli":"*FAT: oh Mom that's so nice of you . \u0015"},{"Non-literal":"literal","directed":null,"speaker":"*FAT:","U":"okay you're finished right Ross ? \u0015","index":1170,"Stimuli":"*FAT: okay you're finished right Ross ? \u0015"},{"Non-literal":"literal","directed":null,"speaker":"*CHI:","U":"ye:ah ! \u0015","index":1171,"Stimuli":"*CHI: ye:ah ! \u0015"},{"Non-literal":"literal","directed":null,"speaker":"*FAT:","U":"very good cake mom . \u0015","index":1172,"Stimuli":"*FAT: very good cake mom . \u0015"},{"Non-literal":"hyperbole","directed":"adult-directed","speaker":"*FAT:","U":"excellent frosting . \u0015","index":1173,"Stimuli":"*FAT: excellent frosting . \u0015"},{"Non-literal":"hyperbole","directed":"child-produced","speaker":"*CHI:","U":"excellent frosting . \u0015","index":1174,"Stimuli":"*CHI: excellent frosting . \u0015"},{"Non-literal":"hyperbole","directed":"child-directed","speaker":"*FAT:","U":"excellent frosting . \u0015","index":1175,"Stimuli":"*FAT: excellent frosting . \u0015"},{"Non-literal":"hyperbole","directed":"adult-directed","speaker":"*FAT:","U":"super moist . \u0015","index":1176,"Stimuli":"*FAT: super moist . \u0015"}]