[{"Non-literal":"literal","directed":null,"speaker":"*CHI:","U":"I'm waiting for the water's come out the plug . \u0015","index":818,"Stimuli":"*CHI: I'm waiting for the water's come out the plug . \u0015"},{"Non-literal":"literal","directed":null,"speaker":"*FAT:","U":"what are you going to do with my papers ? \u0015","index":819,"Stimuli":"*FAT: what are you going to do with my papers ? \u0015"},{"Non-literal":"literal","directed":null,"speaker":"*CHI:","U":"swat them . \u0015","index":820,"Stimuli":"*CHI: swat them . \u0015"},{"Non-literal":"literal","directed":null,"speaker":"*FAT:","U":"let's not play garbage can . \u0015","index":821,"Stimuli":"*FAT: let's not play garbage can . \u0015"},{"Non-literal":"literal","directed":null,"speaker":"*CHI:","U":"let's play Great_Pumpkin . \u0015","index":822,"Stimuli":"*CHI: let's play Great_Pumpkin . \u0015"},{"Non-literal":"literal","directed":null,"speaker":"*FAT:","U":"do you want to hear Great_Pumkin ? \u0015","index":823,"Stimuli":"*FAT: do you want to hear Great_Pumkin ? \u0015"},{"Non-literal":"literal","directed":null,"speaker":"*CHI:","U":"yeah ! \u0015","index":824,"Stimuli":"*CHI: yeah ! \u0015"},{"Non-literal":"literal","directed":null,"speaker":"*FAT:","U":"okay I'm going to turn this part off . \u0015","index":825,"Stimuli":"*FAT: okay I'm going to turn this part off . \u0015"},{"Non-literal":"literal","directed":null,"speaker":"*CHI:","U":"we don't like stupid . \u0015","index":826,"Stimuli":"*CHI: we don't like stupid . \u0015"},{"Non-literal":"literal","directed":null,"speaker":"*CHI:","U":"stupid (i)s a bad word . \u0015","index":827,"Stimuli":"*CHI: stupid (i)s a bad word . \u0015"},{"Non-literal":"literal","directed":null,"speaker":"*FAT:","U":"who says stupid@q ? \u0015","index":828,"Stimuli":"*FAT: who says stupid@q ? \u0015"},{"Non-literal":"literal","directed":null,"speaker":"*CHI:","U":"Charlie Brown said it . \u0015","index":829,"Stimuli":"*CHI: Charlie Brown said it . \u0015"},{"Non-literal":"literal","directed":null,"speaker":"*CHI:","U":"we don't like it . \u0015","index":830,"Stimuli":"*CHI: we don't like it . \u0015"},{"Non-literal":"literal","directed":null,"speaker":"*CHI:","U":"I want to hear the Great Pumpkin . \u0015","index":831,"Stimuli":"*CHI: I want to hear the Great Pumpkin . \u0015"},{"Non-literal":"literal","directed":null,"speaker":"*FAT:","U":"you hafta hear it ? \u0015","index":832,"Stimuli":"*FAT: you hafta hear it ? \u0015"},{"Non-literal":"literal","directed":null,"speaker":"*CHI:","U":"yeah (.) (.) you writing that to get raisins and chocolate chips for me ? \u0015","index":833,"Stimuli":"*CHI: yeah (.) (.) you writing that to get raisins and chocolate chips for me ? \u0015"},{"Non-literal":"literal","directed":null,"speaker":"*FAT:","U":"yeah . \u0015","index":834,"Stimuli":"*FAT: yeah . \u0015"},{"Non-literal":"literal","directed":null,"speaker":"*CHI:","U":"why ? \u0015","index":835,"Stimuli":"*CHI: why ? \u0015"},{"Non-literal":"literal","directed":null,"speaker":"*FAT:","U":"because I gotta remember . \u0015","index":836,"Stimuli":"*FAT: because I gotta remember . \u0015"},{"Non-literal":"counterfactual","directed":"child-directed","speaker":"*CHI:","U":"yeah (.) I'm going to eat my yogurt all up so the ghosts won't get it . \u0015","index":837,"Stimuli":"*CHI: yeah (.) I'm going to eat my yogurt all up so the ghosts won't get it . \u0015"},{"Non-literal":"literal","directed":null,"speaker":"*CHI:","U":"I do some jogging . \u0015","index":838,"Stimuli":"*CHI: I do some jogging . \u0015"}]