[{"Non-literal":"counterfactual","directed":"child-produced","speaker":"*CHI:","U":"Marky's going to be a hulk (.) and you're going to be a hulk (.) and I'm going to be a hulk too (.) so we can watch The_Hulk . \u0015","index":653,"Stimuli":"*CHI: Marky's going to be a hulk (.) and you're going to be a hulk (.) and I'm going to be a hulk too (.) so we can watch The_Hulk . \u0015"},{"Non-literal":"literal","directed":null,"speaker":"*CHI:","U":"what them from ? \u0015","index":654,"Stimuli":"*CHI: what them from ? \u0015"},{"Non-literal":"literal","directed":null,"speaker":"*CHI:","U":"where you get them from ? \u0015","index":655,"Stimuli":"*CHI: where you get them from ? \u0015"},{"Non-literal":"literal","directed":null,"speaker":"*CHI:","U":"where do you get the pictures from ? \u0015","index":656,"Stimuli":"*CHI: where do you get the pictures from ? \u0015"},{"Non-literal":"literal","directed":null,"speaker":"*FAT:","U":"I'm not going to tell you (.) Ross . \u0015","index":657,"Stimuli":"*FAT: I'm not going to tell you (.) Ross . \u0015"},{"Non-literal":"literal","directed":null,"speaker":"*CHI:","U":"what ? \u0015","index":658,"Stimuli":"*CHI: what ? \u0015"},{"Non-literal":"literal","directed":null,"speaker":"*FAT:","U":"I'm not going to tell you where I get the pictures from . \u0015","index":659,"Stimuli":"*FAT: I'm not going to tell you where I get the pictures from . \u0015"},{"Non-literal":"literal","directed":null,"speaker":"*CHI:","U":"those are my cowboy boots and I go ride on a big horse . \u0015","index":660,"Stimuli":"*CHI: those are my cowboy boots and I go ride on a big horse . \u0015"},{"Non-literal":"literal","directed":null,"speaker":"*CHI:","U":"here (.) here are my boots . \u0015","index":661,"Stimuli":"*CHI: here (.) here are my boots . \u0015"},{"Non-literal":"literal","directed":null,"speaker":"*FAT:","U":"does it hurt ? \u0015","index":662,"Stimuli":"*FAT: does it hurt ? \u0015"},{"Non-literal":"literal","directed":null,"speaker":"*CHI:","U":"no (.) because . \u0015","index":663,"Stimuli":"*CHI: no (.) because . \u0015"},{"Non-literal":"literal","directed":null,"speaker":"*FAT:","U":"do you want to have a blanket at preschool ? \u0015","index":664,"Stimuli":"*FAT: do you want to have a blanket at preschool ? \u0015"},{"Non-literal":"literal","directed":null,"speaker":"*CHI:","U":"no (.) I don't want to go to preschool . \u0015","index":665,"Stimuli":"*CHI: no (.) I don't want to go to preschool . \u0015"},{"Non-literal":"literal","directed":null,"speaker":"*CHI:","U":"I just want to go to folk dancing . \u0015","index":666,"Stimuli":"*CHI: I just want to go to folk dancing . \u0015"},{"Non-literal":"literal","directed":null,"speaker":"*CHI:","U":"I don't want it under_my_neath@n . \u0015","index":667,"Stimuli":"*CHI: I don't want it under_my_neath@n . \u0015"},{"Non-literal":"literal","directed":null,"speaker":"*CHI:","U":"oh yeah (.) yes I did . \u0015","index":668,"Stimuli":"*CHI: oh yeah (.) yes I did . \u0015"},{"Non-literal":"literal","directed":null,"speaker":"*CHI:","U":"my big drink aspirin make me feel better . \u0015","index":669,"Stimuli":"*CHI: my big drink aspirin make me feel better . \u0015"},{"Non-literal":"literal","directed":null,"speaker":"*CHI:","U":"I want my milk . \u0015","index":670,"Stimuli":"*CHI: I want my milk . \u0015"},{"Non-literal":"literal","directed":null,"speaker":"*FAT:","U":"can you have this ? \u0015","index":671,"Stimuli":"*FAT: can you have this ? \u0015"},{"Non-literal":"literal","directed":null,"speaker":"*FAT:","U":"drink this ? \u0015","index":672,"Stimuli":"*FAT: drink this ? \u0015"},{"Non-literal":"literal","directed":null,"speaker":"*CHI:","U":"no (.) I want my own milk . \u0015","index":673,"Stimuli":"*CHI: no (.) I want my own milk . \u0015"}]