[{"Non-literal":"literal","directed":null,"speaker":"*FAT:","U":"good . \u0015","index":466,"Stimuli":"*FAT: good . \u0015"},{"Non-literal":"literal","directed":null,"speaker":"*FAT:","U":"okay . \u0015","index":467,"Stimuli":"*FAT: okay . \u0015"},{"Non-literal":"literal","directed":null,"speaker":"*CHI:","U":"will you paint Marky that him is hammering ? \u0015","index":468,"Stimuli":"*CHI: will you paint Marky that him is hammering ? \u0015"},{"Non-literal":"counterfactual","directed":"child-directed","speaker":"*FAT:","U":"do you want to come down now (.) honey love ? \u0015","index":469,"Stimuli":"*FAT: do you want to come down now (.) honey love ? \u0015"},{"Non-literal":"literal","directed":null,"speaker":"*CHI:","U":"yeah . \u0015","index":470,"Stimuli":"*CHI: yeah . \u0015"},{"Non-literal":"literal","directed":null,"speaker":"*FAT:","U":"okay . \u0015","index":471,"Stimuli":"*FAT: okay . \u0015"},{"Non-literal":"literal","directed":null,"speaker":"*FAT:","U":"now (.) let's play with Marky . \u0015","index":472,"Stimuli":"*FAT: now (.) let's play with Marky . \u0015"},{"Non-literal":"literal","directed":null,"speaker":"*CHI:","U":"yeah . \u0015","index":473,"Stimuli":"*CHI: yeah . \u0015"},{"Non-literal":"literal","directed":null,"speaker":"*FAT:","U":"do you want to play with Marky ? \u0015","index":474,"Stimuli":"*FAT: do you want to play with Marky ? \u0015"},{"Non-literal":"literal","directed":null,"speaker":"*CHI:","U":"yeah . \u0015","index":475,"Stimuli":"*CHI: yeah . \u0015"},{"Non-literal":"literal","directed":null,"speaker":"*CHI:","U":"xxx . \u0015","index":476,"Stimuli":"*CHI: xxx . \u0015"},{"Non-literal":"literal","directed":null,"speaker":"From file <030001b.cha>","U":"nan","index":477,"Stimuli":"From file <030001b.cha> nan"},{"Non-literal":"literal","directed":null,"speaker":"*CHI:","U":"hot chocolate . \u0015","index":478,"Stimuli":"*CHI: hot chocolate . \u0015"},{"Non-literal":"understatement","directed":"child-produced","speaker":"*CHI:","U":"I just want one chocolate . \u0015","index":479,"Stimuli":"*CHI: I just want one chocolate . \u0015"},{"Non-literal":"literal","directed":null,"speaker":"*FAT:","U":"I'm just making it in here . \u0015","index":480,"Stimuli":"*FAT: I'm just making it in here . \u0015"},{"Non-literal":"literal","directed":null,"speaker":"*CHI:","U":"okay (.) and don't turn the heat on . \u0015","index":481,"Stimuli":"*CHI: okay (.) and don't turn the heat on . \u0015"},{"Non-literal":"literal","directed":null,"speaker":"*CHI:","U":"will you quit it out [= Will you cut it out , Or , will you quit it] . \u0015","index":482,"Stimuli":"*CHI: will you quit it out [= Will you cut it out , Or , will you quit it] . \u0015"},{"Non-literal":"literal","directed":null,"speaker":"*FAT:","U":"why ? \u0015","index":483,"Stimuli":"*FAT: why ? \u0015"},{"Non-literal":"literal","directed":null,"speaker":"*CHI:","U":"because I'm tired of you . \u0015","index":484,"Stimuli":"*CHI: because I'm tired of you . \u0015"},{"Non-literal":"hyperbole","directed":"child-directed","speaker":"*FAT:","U":"your drawings are wonderful . \u0015","index":485,"Stimuli":"*FAT: your drawings are wonderful . \u0015"},{"Non-literal":"literal","directed":null,"speaker":"*CHI:","U":"can I eat this cookie ? \u0015","index":486,"Stimuli":"*CHI: can I eat this cookie ? \u0015"}]