[{"Non-literal":"literal","directed":null,"speaker":"*FAT:","U":"it's not so bad but we'll clean it okay . \u0015","index":1167,"Stimuli":"*FAT: it's not so bad but we'll clean it okay . \u0015"},{"Non-literal":"literal","directed":null,"speaker":"*CHI:","U":"no ! \u0015","index":1168,"Stimuli":"*CHI: no ! \u0015"},{"Non-literal":"literal","directed":null,"speaker":"*FAT:","U":"oh Mom that's so nice of you . \u0015","index":1169,"Stimuli":"*FAT: oh Mom that's so nice of you . \u0015"},{"Non-literal":"literal","directed":null,"speaker":"*FAT:","U":"okay you're finished right Ross ? \u0015","index":1170,"Stimuli":"*FAT: okay you're finished right Ross ? \u0015"},{"Non-literal":"literal","directed":null,"speaker":"*CHI:","U":"ye:ah ! \u0015","index":1171,"Stimuli":"*CHI: ye:ah ! \u0015"},{"Non-literal":"literal","directed":null,"speaker":"*FAT:","U":"very good cake mom . \u0015","index":1172,"Stimuli":"*FAT: very good cake mom . \u0015"},{"Non-literal":"hyperbole","directed":"adult-directed","speaker":"*FAT:","U":"excellent frosting . \u0015","index":1173,"Stimuli":"*FAT: excellent frosting . \u0015"},{"Non-literal":"hyperbole","directed":"child-produced","speaker":"*CHI:","U":"excellent frosting . \u0015","index":1174,"Stimuli":"*CHI: excellent frosting . \u0015"},{"Non-literal":"hyperbole","directed":"child-directed","speaker":"*FAT:","U":"excellent frosting . \u0015","index":1175,"Stimuli":"*FAT: excellent frosting . \u0015"},{"Non-literal":"hyperbole","directed":"adult-directed","speaker":"*FAT:","U":"super moist . \u0015","index":1176,"Stimuli":"*FAT: super moist . \u0015"},{"Non-literal":"hyperbole","directed":"adult-directed","speaker":"*MOT:","U":"it's excellent frosting because it's homemade . \u0015","index":1177,"Stimuli":"*MOT: it's excellent frosting because it's homemade . \u0015"},{"Non-literal":"literal","directed":null,"speaker":"*CHI:","U":"what are we going to have now ? \u0015","index":1178,"Stimuli":"*CHI: what are we going to have now ? \u0015"},{"Non-literal":"understatement","directed":"child-directed","speaker":"*FAT:","U":"nothing . \u0015","index":1179,"Stimuli":"*FAT: nothing . \u0015"},{"Non-literal":"literal","directed":null,"speaker":"*CHI:","U":"huh ? \u0015","index":1180,"Stimuli":"*CHI: huh ? \u0015"},{"Non-literal":"literal","directed":null,"speaker":"*CHI:","U":"xxx . \u0015","index":1181,"Stimuli":"*CHI: xxx . \u0015"},{"Non-literal":"literal","directed":null,"speaker":"*CHI:","U":"I have_to wash my hands . \u0015","index":1182,"Stimuli":"*CHI: I have_to wash my hands . \u0015"},{"Non-literal":"literal","directed":null,"speaker":"*FAT:","U":"do you have_to wash your hands ? \u0015","index":1183,"Stimuli":"*FAT: do you have_to wash your hands ? \u0015"},{"Non-literal":"literal","directed":null,"speaker":"*CHI:","U":"ow ! \u0015","index":1184,"Stimuli":"*CHI: ow ! \u0015"},{"Non-literal":"literal","directed":null,"speaker":"*FAT:","U":"hot ? \u0015","index":1185,"Stimuli":"*FAT: hot ? \u0015"},{"Non-literal":"literal","directed":null,"speaker":"*CHI:","U":"yeah . \u0015","index":1186,"Stimuli":"*CHI: yeah . \u0015"},{"Non-literal":"literal","directed":null,"speaker":"*FAT:","U":"okay you're going to wash your hands . \u0015","index":1187,"Stimuli":"*FAT: okay you're going to wash your hands . \u0015"}]