[{"Non-literal":"literal","directed":null,"speaker":"*CHI:","U":"you said (.) yes@q . \u0015","index":843,"Stimuli":"*CHI: you said (.) yes@q . \u0015"},{"Non-literal":"literal","directed":null,"speaker":"*FAT:","U":"ya . \u0015","index":844,"Stimuli":"*FAT: ya . \u0015"},{"Non-literal":"literal","directed":null,"speaker":"*CHI:","U":"I can ? \u0015","index":845,"Stimuli":"*CHI: I can ? \u0015"},{"Non-literal":"literal","directed":null,"speaker":"*FAT:","U":"&-uh (.) huh . \u0015","index":846,"Stimuli":"*FAT: &-uh (.) huh . \u0015"},{"Non-literal":"literal","directed":null,"speaker":"*CHI:","U":"and you guys won't yell ? \u0015","index":847,"Stimuli":"*CHI: and you guys won't yell ? \u0015"},{"Non-literal":"literal","directed":null,"speaker":"*FAT:","U":"yeah (.) go ahead make a mess . \u0015","index":848,"Stimuli":"*FAT: yeah (.) go ahead make a mess . \u0015"},{"Non-literal":"literal","directed":null,"speaker":"*FAT:","U":"are you jogging Ross ? \u0015","index":849,"Stimuli":"*FAT: are you jogging Ross ? \u0015"},{"Non-literal":"literal","directed":null,"speaker":"*CHI:","U":"no . \u0015","index":850,"Stimuli":"*CHI: no . \u0015"},{"Non-literal":"literal","directed":null,"speaker":"*FAT:","U":"do you want to talk to the tape recorder and tell them xxx . \u0015","index":851,"Stimuli":"*FAT: do you want to talk to the tape recorder and tell them xxx . \u0015"},{"Non-literal":"literal","directed":null,"speaker":"*CHI:","U":"nah . \u0015","index":852,"Stimuli":"*CHI: nah . \u0015"},{"Non-literal":"literal","directed":null,"speaker":"*FAT:","U":"tell us about your jogging . \u0015","index":853,"Stimuli":"*FAT: tell us about your jogging . \u0015"},{"Non-literal":"literal","directed":null,"speaker":"*FAT:","U":"tells us about how you jog . \u0015","index":854,"Stimuli":"*FAT: tells us about how you jog . \u0015"},{"Non-literal":"literal","directed":null,"speaker":"*CHI:","U":"I can go fast . \u0015","index":855,"Stimuli":"*CHI: I can go fast . \u0015"},{"Non-literal":"literal","directed":null,"speaker":"*CHI:","U":"and a new race car . \u0015","index":856,"Stimuli":"*CHI: and a new race car . \u0015"},{"Non-literal":"hyperbole","directed":"child-directed","speaker":"*FAT:","U":"like a race car . \u0015","index":857,"Stimuli":"*FAT: like a race car . \u0015"},{"Non-literal":"literal","directed":null,"speaker":"*CHI:","U":"yeah . \u0015","index":858,"Stimuli":"*CHI: yeah . \u0015"},{"Non-literal":"literal","directed":null,"speaker":"*FAT:","U":"xxx . \u0015","index":859,"Stimuli":"*FAT: xxx . \u0015"},{"Non-literal":"literal","directed":null,"speaker":"*FAT:","U":"what else ? \u0015","index":860,"Stimuli":"*FAT: what else ? \u0015"},{"Non-literal":"literal","directed":null,"speaker":"*CHI:","U":"and go trick+or+treating when my cousin comes . \u0015","index":861,"Stimuli":"*CHI: and go trick+or+treating when my cousin comes . \u0015"},{"Non-literal":"literal","directed":null,"speaker":"*FAT:","U":"uhuh . \u0015","index":862,"Stimuli":"*FAT: uhuh . \u0015"},{"Non-literal":"literal","directed":null,"speaker":"*CHI:","U":"and xxx trick+or+treating this way . \u0015","index":863,"Stimuli":"*CHI: and xxx trick+or+treating this way . \u0015"}]