[{"Non-literal":"literal","directed":null,"speaker":"*CHI:","U":"the night before Christmas and all through the house . \u0015","index":557,"Stimuli":"*CHI: the night before Christmas and all through the house . \u0015"},{"Non-literal":"hyperbole","directed":"child-produced","speaker":"*CHI:","U":"not a creature was stirring (.) not even a mouse . \u0015","index":558,"Stimuli":"*CHI: not a creature was stirring (.) not even a mouse . \u0015"},{"Non-literal":"literal","directed":null,"speaker":"*CHI:","U":"and the stockings were hung by the chimney . \u0015","index":559,"Stimuli":"*CHI: and the stockings were hung by the chimney . \u0015"},{"Non-literal":"literal","directed":null,"speaker":"*FAT:","U":"with care . \u0015","index":560,"Stimuli":"*FAT: with care . \u0015"},{"Non-literal":"literal","directed":null,"speaker":"*CHI:","U":"with care . \u0015","index":561,"Stimuli":"*CHI: with care . \u0015"},{"Non-literal":"literal","directed":null,"speaker":"*CHI:","U":"in hopes that Saint_Nick would soon would be there . \u0015","index":562,"Stimuli":"*CHI: in hopes that Saint_Nick would soon would be there . \u0015"},{"Non-literal":"literal","directed":null,"speaker":"*FAT:","U":"good . \u0015","index":563,"Stimuli":"*FAT: good . \u0015"},{"Non-literal":"literal","directed":null,"speaker":"*FAT:","U":"I in my stocking +... \u0015","index":564,"Stimuli":"*FAT: I in my stocking +... \u0015"},{"Non-literal":"literal","directed":null,"speaker":"*CHI:","U":"and I in my stocking +... \u0015","index":565,"Stimuli":"*CHI: and I in my stocking +... \u0015"},{"Non-literal":"literal","directed":null,"speaker":"*CHI:","U":"I want the shoes that get on my feet that kick the lions . \u0015","index":566,"Stimuli":"*CHI: I want the shoes that get on my feet that kick the lions . \u0015"},{"Non-literal":"literal","directed":null,"speaker":"*CHI:","U":"and we popped another balloons and that's nice . \u0015","index":567,"Stimuli":"*CHI: and we popped another balloons and that's nice . \u0015"},{"Non-literal":"literal","directed":null,"speaker":"*CHI:","U":"and we popped two balloons . \u0015","index":568,"Stimuli":"*CHI: and we popped two balloons . \u0015"},{"Non-literal":"literal","directed":null,"speaker":"*CHI:","U":"and we're going to have still no more new year . \u0015","index":569,"Stimuli":"*CHI: and we're going to have still no more new year . \u0015"},{"Non-literal":"literal","directed":null,"speaker":"*FAT:","U":"Ross (.) is that right ? \u0015","index":570,"Stimuli":"*FAT: Ross (.) is that right ? \u0015"},{"Non-literal":"literal","directed":null,"speaker":"*CHI:","U":"yeah . \u0015","index":571,"Stimuli":"*CHI: yeah . \u0015"},{"Non-literal":"literal","directed":null,"speaker":"*FAT:","U":"what about new year ? \u0015","index":572,"Stimuli":"*FAT: what about new year ? \u0015"},{"Non-literal":"literal","directed":null,"speaker":"*CHI:","U":"we're going to have some more new year later and when we're going to get new balloons . \u0015","index":573,"Stimuli":"*CHI: we're going to have some more new year later and when we're going to get new balloons . \u0015"},{"Non-literal":"literal","directed":null,"speaker":"*FAT:","U":"when we get new balloons . \u0015","index":574,"Stimuli":"*FAT: when we get new balloons . \u0015"},{"Non-literal":"literal","directed":null,"speaker":"*FAT:","U":"okay (.) now (.) did we pop all the balloons ? \u0015","index":575,"Stimuli":"*FAT: okay (.) now (.) did we pop all the balloons ? \u0015"},{"Non-literal":"literal","directed":null,"speaker":"*CHI:","U":"yeah . \u0015","index":576,"Stimuli":"*CHI: yeah . \u0015"},{"Non-literal":"literal","directed":null,"speaker":"*FAT:","U":"we did ? \u0015","index":577,"Stimuli":"*FAT: we did ? \u0015"}]