[{"Non-literal":"literal","directed":null,"speaker":"*MOT:","U":"uppie ? \u0015","index":1224,"Stimuli":"*MOT: uppie ? \u0015"},{"Non-literal":"literal","directed":null,"speaker":"*MOT:","U":"come here Ross . \u0015","index":1225,"Stimuli":"*MOT: come here Ross . \u0015"},{"Non-literal":"literal","directed":null,"speaker":"*FAT:","U":"Mommy will give you uppies@c . \u0015","index":1226,"Stimuli":"*FAT: Mommy will give you uppies@c . \u0015"},{"Non-literal":"literal","directed":null,"speaker":"*MOT:","U":"here you go . \u0015","index":1227,"Stimuli":"*MOT: here you go . \u0015"},{"Non-literal":"literal","directed":null,"speaker":"*FAT:","U":"Mommy will give you a nice uppie . \u0015","index":1228,"Stimuli":"*FAT: Mommy will give you a nice uppie . \u0015"},{"Non-literal":"literal","directed":null,"speaker":"*MOT:","U":"&=laughs . \u0015","index":1229,"Stimuli":"*MOT: &=laughs . \u0015"},{"Non-literal":"counterfactual","directed":"child-directed","speaker":"*FAT:","U":"you got_to watch out for her she's mean Ross . \u0015","index":1230,"Stimuli":"*FAT: you got_to watch out for her she's mean Ross . \u0015"},{"Non-literal":"literal","directed":null,"speaker":"*FAT:","U":"you better watch out for Ross he's really coming +... \u0015","index":1231,"Stimuli":"*FAT: you better watch out for Ross he's really coming +... \u0015"},{"Non-literal":"literal","directed":null,"speaker":"*MOT:","U":"www . \u0015","index":1232,"Stimuli":"*MOT: www . \u0015"},{"Non-literal":"literal","directed":null,"speaker":"*MOT:","U":"come on I'll uppie you . \u0015","index":1233,"Stimuli":"*MOT: come on I'll uppie you . \u0015"},{"Non-literal":"literal","directed":null,"speaker":"*MOT:","U":"he doesn't want to do uppie . \u0015","index":1234,"Stimuli":"*MOT: he doesn't want to do uppie . \u0015"},{"Non-literal":"literal","directed":null,"speaker":"*MOT:","U":"he just wants to hit me . \u0015","index":1235,"Stimuli":"*MOT: he just wants to hit me . \u0015"},{"Non-literal":"literal","directed":null,"speaker":"*FAT:","U":"he just wants to play . \u0015","index":1236,"Stimuli":"*FAT: he just wants to play . \u0015"},{"Non-literal":"literal","directed":null,"speaker":"*MOT:","U":"play . \u0015","index":1237,"Stimuli":"*MOT: play . \u0015"},{"Non-literal":"literal","directed":null,"speaker":"*CHI:","U":"0 [=! screaming and laughing] . \u0015","index":1238,"Stimuli":"*CHI: 0 [=! screaming and laughing] . \u0015"},{"Non-literal":"literal","directed":null,"speaker":"*CHI:","U":"<her> [\/] her got me . \u0015","index":1239,"Stimuli":"*CHI: <her> [\/] her got me . \u0015"},{"Non-literal":"literal","directed":null,"speaker":"*FAT:","U":"your not an uppie baby you're a play baby . \u0015","index":1240,"Stimuli":"*FAT: your not an uppie baby you're a play baby . \u0015"},{"Non-literal":"literal","directed":null,"speaker":"*CHI:","U":"yeah . \u0015","index":1241,"Stimuli":"*CHI: yeah . \u0015"},{"Non-literal":"literal","directed":null,"speaker":"*FAT:","U":"you're not an uppie . \u0015","index":1242,"Stimuli":"*FAT: you're not an uppie . \u0015"},{"Non-literal":"counterfactual","directed":"child-directed","speaker":"*FAT:","U":"you're a play boy . \u0015","index":1243,"Stimuli":"*FAT: you're a play boy . \u0015"},{"Non-literal":"literal","directed":null,"speaker":"*FAT:","U":"Mary do you know what Ross is ? \u0015","index":1244,"Stimuli":"*FAT: Mary do you know what Ross is ? \u0015"}]