[{"Non-literal":"literal","directed":null,"speaker":"*CHI:","U":"have your school bus . \u0015","index":893,"Stimuli":"*CHI: have your school bus . \u0015"},{"Non-literal":"literal","directed":null,"speaker":"*CHI:","U":"he gonna eat my other raisins and I gonna eat these raisins . \u0015","index":894,"Stimuli":"*CHI: he gonna eat my other raisins and I gonna eat these raisins . \u0015"},{"Non-literal":"literal","directed":null,"speaker":"*CHI:","U":"I want some cookies . \u0015","index":895,"Stimuli":"*CHI: I want some cookies . \u0015"},{"Non-literal":"literal","directed":null,"speaker":"*FAT:","U":"we don't have any . \u0015","index":896,"Stimuli":"*FAT: we don't have any . \u0015"},{"Non-literal":"counterfactual","directed":"child-directed","speaker":"*CHI:","U":"my cookie monster wants my mommy to make some cookies for him . \u0015","index":897,"Stimuli":"*CHI: my cookie monster wants my mommy to make some cookies for him . \u0015"},{"Non-literal":"literal","directed":null,"speaker":"*CHI:","U":"I did it (.) I did get that off your hand . \u0015","index":898,"Stimuli":"*CHI: I did it (.) I did get that off your hand . \u0015"},{"Non-literal":"literal","directed":null,"speaker":"*CHI:","U":"lets don't go to preschool [= let's not go to preschool] . \u0015","index":899,"Stimuli":"*CHI: lets don't go to preschool [= let's not go to preschool] . \u0015"},{"Non-literal":"literal","directed":null,"speaker":"*CHI:","U":"we're not going to let you to . \u0015","index":900,"Stimuli":"*CHI: we're not going to let you to . \u0015"},{"Non-literal":"literal","directed":null,"speaker":"*CHI:","U":"we're not going to let you close that . \u0015","index":901,"Stimuli":"*CHI: we're not going to let you close that . \u0015"},{"Non-literal":"literal","directed":null,"speaker":"*CHI:","U":"0 [= singing] . \u0015","index":902,"Stimuli":"*CHI: 0 [= singing] . \u0015"},{"Non-literal":"literal","directed":null,"speaker":"*CHI:","U":"now (.) can I have my drum ? \u0015","index":903,"Stimuli":"*CHI: now (.) can I have my drum ? \u0015"},{"Non-literal":"literal","directed":null,"speaker":"*CHI:","U":"yeah (.) sure that could go like that . \u0015","index":904,"Stimuli":"*CHI: yeah (.) sure that could go like that . \u0015"},{"Non-literal":"literal","directed":null,"speaker":"*CHI:","U":"will you put my older baby blanket in the vacuum cleaner ? \u0015","index":905,"Stimuli":"*CHI: will you put my older baby blanket in the vacuum cleaner ? \u0015"},{"Non-literal":"literal","directed":null,"speaker":"*FAT:","U":"do you want this little ball ? \u0015","index":906,"Stimuli":"*FAT: do you want this little ball ? \u0015"},{"Non-literal":"literal","directed":null,"speaker":"*CHI:","U":"will you put my baby blanket in the vacuum cleaner ? \u0015","index":907,"Stimuli":"*CHI: will you put my baby blanket in the vacuum cleaner ? \u0015"},{"Non-literal":"literal","directed":null,"speaker":"*FAT:","U":"will that make it clean Ross ? \u0015","index":908,"Stimuli":"*FAT: will that make it clean Ross ? \u0015"},{"Non-literal":"literal","directed":null,"speaker":"*CHI:","U":"it got milk on it . \u0015","index":909,"Stimuli":"*CHI: it got milk on it . \u0015"},{"Non-literal":"literal","directed":null,"speaker":"*CHI:","U":"yeah . \u0015","index":910,"Stimuli":"*CHI: yeah . \u0015"},{"Non-literal":"literal","directed":null,"speaker":"*FAT:","U":"you know it won't make it clean . \u0015","index":911,"Stimuli":"*FAT: you know it won't make it clean . \u0015"},{"Non-literal":"literal","directed":null,"speaker":"*FAT:","U":"I can't put that baby blanket in the vacuum cleaner . \u0015","index":912,"Stimuli":"*FAT: I can't put that baby blanket in the vacuum cleaner . \u0015"},{"Non-literal":"literal","directed":null,"speaker":"*CHI:","U":"why ? \u0015","index":913,"Stimuli":"*CHI: why ? \u0015"}]