[{"Non-literal":"literal","directed":null,"speaker":"*FAT:","U":"yeah (.) I've got one . \u0015","index":490,"Stimuli":"*FAT: yeah (.) I've got one . \u0015"},{"Non-literal":"literal","directed":null,"speaker":"*CHI:","U":"do you have a cookie for me to eat ? \u0015","index":491,"Stimuli":"*CHI: do you have a cookie for me to eat ? \u0015"},{"Non-literal":"hyperbole","directed":"child-produced","speaker":"*CHI:","U":"do you have a cookie to put on the big Christmas tree ? \u0015","index":492,"Stimuli":"*CHI: do you have a cookie to put on the big Christmas tree ? \u0015"},{"Non-literal":"literal","directed":null,"speaker":"*CHI:","U":"is my old baby blanket is clean ? \u0015","index":493,"Stimuli":"*CHI: is my old baby blanket is clean ? \u0015"},{"Non-literal":"counterfactual","directed":"child-produced","speaker":"*CHI:","U":"you be the broom and I'll be the witch and Marky'll be the black cat . \u0015","index":494,"Stimuli":"*CHI: you be the broom and I'll be the witch and Marky'll be the black cat . \u0015"},{"Non-literal":"counterfactual","directed":"child-produced","speaker":"*CHI:","U":"and I will be the witch . \u0015","index":495,"Stimuli":"*CHI: and I will be the witch . \u0015"},{"Non-literal":"counterfactual","directed":"child-produced","speaker":"*CHI:","U":"I got idea . \u0015","index":496,"Stimuli":"*CHI: I got idea . \u0015"},{"Non-literal":"counterfactual","directed":"child-produced","speaker":"*CHI:","U":"you be the witch and him be the black cat and you be the bat and I be the pumpkin . \u0015","index":497,"Stimuli":"*CHI: you be the witch and him be the black cat and you be the bat and I be the pumpkin . \u0015"},{"Non-literal":"literal","directed":null,"speaker":"*FAT:","U":"okay . \u0015","index":498,"Stimuli":"*FAT: okay . \u0015"},{"Non-literal":"literal","directed":null,"speaker":"*CHI:","U":"pum@o (.) pum@o (.) pum@o . \u0015","index":499,"Stimuli":"*CHI: pum@o (.) pum@o (.) pum@o . \u0015"},{"Non-literal":"literal","directed":null,"speaker":"*FAT:","U":"Ross (.) do you want to play with your lego ? \u0015","index":500,"Stimuli":"*FAT: Ross (.) do you want to play with your lego ? \u0015"},{"Non-literal":"literal","directed":null,"speaker":"*CHI:","U":"pum@o (.) pum@o (.) pum@o [= pumpkin sound] . \u0015","index":501,"Stimuli":"*CHI: pum@o (.) pum@o (.) pum@o [= pumpkin sound] . \u0015"},{"Non-literal":"literal","directed":null,"speaker":"*FAT:","U":"do you want to play with your lego ? \u0015","index":502,"Stimuli":"*FAT: do you want to play with your lego ? \u0015"},{"Non-literal":"counterfactual","directed":"child-produced","speaker":"*CHI:","U":"I'm a pumpkin . \u0015","index":503,"Stimuli":"*CHI: I'm a pumpkin . \u0015"},{"Non-literal":"literal","directed":null,"speaker":"*FAT:","U":"do you want to play with lego ? \u0015","index":504,"Stimuli":"*FAT: do you want to play with lego ? \u0015"},{"Non-literal":"literal","directed":null,"speaker":"*CHI:","U":"I got a idea . \u0015","index":505,"Stimuli":"*CHI: I got a idea . \u0015"},{"Non-literal":"counterfactual","directed":"child-produced","speaker":"*CHI:","U":"you be the witch and him be the black cat and I be the pumpkin . \u0015","index":506,"Stimuli":"*CHI: you be the witch and him be the black cat and I be the pumpkin . \u0015"},{"Non-literal":"counterfactual","directed":"child-directed","speaker":"*FAT:","U":"what does the cat say ? \u0015","index":507,"Stimuli":"*FAT: what does the cat say ? \u0015"},{"Non-literal":"literal","directed":null,"speaker":"*CHI:","U":"he (.) her (.) the black cat (.) the cat (.) and you be the witch and I be the (.) +... \u0015","index":508,"Stimuli":"*CHI: he (.) her (.) the black cat (.) the cat (.) and you be the witch and I be the (.) +... \u0015"},{"Non-literal":"literal","directed":null,"speaker":"*CHI:","U":"I got a idea ! \u0015","index":509,"Stimuli":"*CHI: I got a idea ! \u0015"},{"Non-literal":"counterfactual","directed":"child-produced","speaker":"*CHI:","U":"you be the black cat and you be the witch and her be the bat and I be the pumpkin ! \u0015","index":510,"Stimuli":"*CHI: you be the black cat and you be the witch and her be the bat and I be the pumpkin ! \u0015"}]