[{"Non-literal":"literal","directed":null,"speaker":"*FAT:","U":"Ross do you want to sing it ? \u0015","index":795,"Stimuli":"*FAT: Ross do you want to sing it ? \u0015"},{"Non-literal":"literal","directed":null,"speaker":"*CHI:","U":"huh ? \u0015","index":796,"Stimuli":"*CHI: huh ? \u0015"},{"Non-literal":"literal","directed":null,"speaker":"*CHI:","U":"do you want to sing that song ? \u0015","index":797,"Stimuli":"*CHI: do you want to sing that song ? \u0015"},{"Non-literal":"literal","directed":null,"speaker":"*CHI:","U":"xxx . \u0015","index":798,"Stimuli":"*CHI: xxx . \u0015"},{"Non-literal":"literal","directed":null,"speaker":"*FAT:","U":"say up on the roof top . \u0015","index":799,"Stimuli":"*FAT: say up on the roof top . \u0015"},{"Non-literal":"literal","directed":null,"speaker":"*CHI:","U":"up on the roof top (.) quick (.) quick (.) quick (.) down through the chimney with Nick (.) Nick (.) Nick . \u0015","index":800,"Stimuli":"*CHI: up on the roof top (.) quick (.) quick (.) quick (.) down through the chimney with Nick (.) Nick (.) Nick . \u0015"},{"Non-literal":"literal","directed":null,"speaker":"*CHI:","U":"Nick Nick Nick ? \u0015","index":801,"Stimuli":"*CHI: Nick Nick Nick ? \u0015"},{"Non-literal":"literal","directed":null,"speaker":"*CHI:","U":"yeah . \u0015","index":802,"Stimuli":"*CHI: yeah . \u0015"},{"Non-literal":"literal","directed":null,"speaker":"*FAT:","U":"with good Saint Nick . \u0015","index":803,"Stimuli":"*FAT: with good Saint Nick . \u0015"},{"Non-literal":"literal","directed":null,"speaker":"*CHI:","U":"with good Saint Nick ! \u0015","index":804,"Stimuli":"*CHI: with good Saint Nick ! \u0015"},{"Non-literal":"literal","directed":null,"speaker":"*FAT:","U":"okay do you want to do &-uh reindeer song ? \u0015","index":805,"Stimuli":"*FAT: okay do you want to do &-uh reindeer song ? \u0015"},{"Non-literal":"literal","directed":null,"speaker":"*FAT:","U":"Rudolph (.) you want to do Rudolph ? \u0015","index":806,"Stimuli":"*FAT: Rudolph (.) you want to do Rudolph ? \u0015"},{"Non-literal":"literal","directed":null,"speaker":"*CHI:","U":"yeah . \u0015","index":807,"Stimuli":"*CHI: yeah . \u0015"},{"Non-literal":"counterfactual","directed":"child-produced","speaker":"*CHI:","U":"Rudolph the red nose rein(deer) &=cough Rudolph the red nose reindeer . \u0015","index":808,"Stimuli":"*CHI: Rudolph the red nose rein(deer) &=cough Rudolph the red nose reindeer . \u0015"},{"Non-literal":"counterfactual","directed":"child-directed","speaker":"*FAT:","U":"poor baby dropped his bottle . \u0015","index":809,"Stimuli":"*FAT: poor baby dropped his bottle . \u0015"},{"Non-literal":"literal","directed":null,"speaker":"*CHI:","U":"but the bigger boy didn't drop his bottle . \u0015","index":810,"Stimuli":"*CHI: but the bigger boy didn't drop his bottle . \u0015"},{"Non-literal":"literal","directed":null,"speaker":"*FAT:","U":"you are a preschool boy . \u0015","index":811,"Stimuli":"*FAT: you are a preschool boy . \u0015"},{"Non-literal":"literal","directed":null,"speaker":"*CHI:","U":"no . \u0015","index":812,"Stimuli":"*CHI: no . \u0015"},{"Non-literal":"literal","directed":null,"speaker":"*FAT:","U":"yeah you're a preschool boy you know Oaken and Shana and Chris Henry and all those guys all go to preschool and they're preschool kids so you're a preschool boy . \u0015","index":813,"Stimuli":"*FAT: yeah you're a preschool boy you know Oaken and Shana and Chris Henry and all those guys all go to preschool and they're preschool kids so you're a preschool boy . \u0015"},{"Non-literal":"literal","directed":null,"speaker":"*CHI:","U":"I'm also a house boy . \u0015","index":814,"Stimuli":"*CHI: I'm also a house boy . \u0015"},{"Non-literal":"literal","directed":null,"speaker":"*FAT:","U":"yeah (.) you're also a house boy . \u0015","index":815,"Stimuli":"*FAT: yeah (.) you're also a house boy . \u0015"}]