[{"Non-literal":"literal","directed":null,"speaker":"*CHI:","U":"if you tell my mom I'm going to get mad at you . \u0015","index":545,"Stimuli":"*CHI: if you tell my mom I'm going to get mad at you . \u0015"},{"Non-literal":"hyperbole","directed":"child-produced","speaker":"*CHI:","U":"if you tell my mom I'm going to get really mad at you . \u0015","index":546,"Stimuli":"*CHI: if you tell my mom I'm going to get really mad at you . \u0015"},{"Non-literal":"hyperbole","directed":"child-produced","speaker":"*CHI:","U":"I'm going to get really really mad and I can get mad at my Daddy . \u0015","index":547,"Stimuli":"*CHI: I'm going to get really really mad and I can get mad at my Daddy . \u0015"},{"Non-literal":"literal","directed":null,"speaker":"*CHI:","U":"can I have a mustache like you ? \u0015","index":548,"Stimuli":"*CHI: can I have a mustache like you ? \u0015"},{"Non-literal":"literal","directed":null,"speaker":"*CHI:","U":"two little birds sitting on a hill . \u0015","index":549,"Stimuli":"*CHI: two little birds sitting on a hill . \u0015"},{"Non-literal":"literal","directed":null,"speaker":"*CHI:","U":"one named Jack (.) one named Jill . \u0015","index":550,"Stimuli":"*CHI: one named Jack (.) one named Jill . \u0015"},{"Non-literal":"literal","directed":null,"speaker":"*CHI:","U":"fly away Jack (.) fly away Jill . \u0015","index":551,"Stimuli":"*CHI: fly away Jack (.) fly away Jill . \u0015"},{"Non-literal":"literal","directed":null,"speaker":"*CHI:","U":"come back Jack . \u0015","index":552,"Stimuli":"*CHI: come back Jack . \u0015"},{"Non-literal":"literal","directed":null,"speaker":"*CHI:","U":"come back Jill . \u0015","index":553,"Stimuli":"*CHI: come back Jill . \u0015"},{"Non-literal":"literal","directed":null,"speaker":"*FAT:","U":"Ross (.) do you want to do the Night Before Christmas ? \u0015","index":554,"Stimuli":"*FAT: Ross (.) do you want to do the Night Before Christmas ? \u0015"},{"Non-literal":"literal","directed":null,"speaker":"*CHI:","U":"yeah . \u0015","index":555,"Stimuli":"*CHI: yeah . \u0015"},{"Non-literal":"literal","directed":null,"speaker":"*FAT:","U":"okay . \u0015","index":556,"Stimuli":"*FAT: okay . \u0015"},{"Non-literal":"literal","directed":null,"speaker":"*CHI:","U":"the night before Christmas and all through the house . \u0015","index":557,"Stimuli":"*CHI: the night before Christmas and all through the house . \u0015"},{"Non-literal":"hyperbole","directed":"child-produced","speaker":"*CHI:","U":"not a creature was stirring (.) not even a mouse . \u0015","index":558,"Stimuli":"*CHI: not a creature was stirring (.) not even a mouse . \u0015"},{"Non-literal":"literal","directed":null,"speaker":"*CHI:","U":"and the stockings were hung by the chimney . \u0015","index":559,"Stimuli":"*CHI: and the stockings were hung by the chimney . \u0015"},{"Non-literal":"literal","directed":null,"speaker":"*FAT:","U":"with care . \u0015","index":560,"Stimuli":"*FAT: with care . \u0015"},{"Non-literal":"literal","directed":null,"speaker":"*CHI:","U":"with care . \u0015","index":561,"Stimuli":"*CHI: with care . \u0015"},{"Non-literal":"literal","directed":null,"speaker":"*CHI:","U":"in hopes that Saint_Nick would soon would be there . \u0015","index":562,"Stimuli":"*CHI: in hopes that Saint_Nick would soon would be there . \u0015"},{"Non-literal":"literal","directed":null,"speaker":"*FAT:","U":"good . \u0015","index":563,"Stimuli":"*FAT: good . \u0015"},{"Non-literal":"literal","directed":null,"speaker":"*FAT:","U":"I in my stocking +... \u0015","index":564,"Stimuli":"*FAT: I in my stocking +... \u0015"},{"Non-literal":"literal","directed":null,"speaker":"*CHI:","U":"and I in my stocking +... \u0015","index":565,"Stimuli":"*CHI: and I in my stocking +... \u0015"}]