[{"Non-literal":"literal","directed":null,"speaker":"*CHI:","U":"I'm washing the car +... \u0015","index":248,"Stimuli":"*CHI: I'm washing the car +... \u0015"},{"Non-literal":"literal","directed":null,"speaker":"*FAT:","U":"yeah . \u0015","index":249,"Stimuli":"*FAT: yeah . \u0015"},{"Non-literal":"literal","directed":null,"speaker":"*CHI:","U":"+, and my car has got cracked by the car . \u0015","index":250,"Stimuli":"*CHI: +, and my car has got cracked by the car . \u0015"},{"Non-literal":"literal","directed":null,"speaker":"*FAT:","U":"it got cracked by the car ? \u0015","index":251,"Stimuli":"*FAT: it got cracked by the car ? \u0015"},{"Non-literal":"literal","directed":null,"speaker":"*CHI:","U":"yeah . \u0015","index":252,"Stimuli":"*CHI: yeah . \u0015"},{"Non-literal":"literal","directed":null,"speaker":"*FAT:","U":"where did it get hurt (.) Ross ? \u0015","index":253,"Stimuli":"*FAT: where did it get hurt (.) Ross ? \u0015"},{"Non-literal":"literal","directed":null,"speaker":"*CHI:","U":"xxx the street . \u0015","index":254,"Stimuli":"*CHI: xxx the street . \u0015"},{"Non-literal":"literal","directed":null,"speaker":"*FAT:","U":"on the street ? \u0015","index":255,"Stimuli":"*FAT: on the street ? \u0015"},{"Non-literal":"literal","directed":null,"speaker":"*CHI:","U":"yeah . \u0015","index":256,"Stimuli":"*CHI: yeah . \u0015"},{"Non-literal":"literal","directed":null,"speaker":"*FAT:","U":"now (.) how did it happen ? \u0015","index":257,"Stimuli":"*FAT: now (.) how did it happen ? \u0015"},{"Non-literal":"literal","directed":null,"speaker":"*CHI:","U":"I said no [!] no [!] car . \u0015","index":258,"Stimuli":"*CHI: I said no [!] no [!] car . \u0015"},{"Non-literal":"literal","directed":null,"speaker":"*CHI:","U":"and the car cracked my vacuum cleaner . \u0015","index":259,"Stimuli":"*CHI: and the car cracked my vacuum cleaner . \u0015"},{"Non-literal":"literal","directed":null,"speaker":"*FAT:","U":"it did ? \u0015","index":260,"Stimuli":"*FAT: it did ? \u0015"},{"Non-literal":"literal","directed":null,"speaker":"*CHI:","U":"yeah . \u0015","index":261,"Stimuli":"*CHI: yeah . \u0015"},{"Non-literal":"literal","directed":null,"speaker":"*FAT:","U":"in the middle of the street ? \u0015","index":262,"Stimuli":"*FAT: in the middle of the street ? \u0015"},{"Non-literal":"literal","directed":null,"speaker":"*CHI:","U":"yeah . \u0015","index":263,"Stimuli":"*CHI: yeah . \u0015"},{"Non-literal":"literal","directed":null,"speaker":"*FAT:","U":"well (.) what happened ? \u0015","index":264,"Stimuli":"*FAT: well (.) what happened ? \u0015"},{"Non-literal":"hyperbole","directed":"child-directed","speaker":"*FAT:","U":"was there a_lot_of noise (.) or what ? \u0015","index":265,"Stimuli":"*FAT: was there a_lot_of noise (.) or what ? \u0015"},{"Non-literal":"literal","directed":null,"speaker":"*CHI:","U":"yeah . \u0015","index":266,"Stimuli":"*CHI: yeah . \u0015"},{"Non-literal":"hyperbole","directed":"child-directed","speaker":"*FAT:","U":"it was pretty bad ? \u0015","index":267,"Stimuli":"*FAT: it was pretty bad ? \u0015"},{"Non-literal":"literal","directed":null,"speaker":"*CHI:","U":"yeah . \u0015","index":268,"Stimuli":"*CHI: yeah . \u0015"}]