[{"FIG":"literal","directed":null,"speaker":"*FAT:","U":"Danny (!) come eat peas and corn (!)","index":0,"Stimuli":"*FAT: Danny (!) come eat peas and corn (!)"},{"FIG":"sarcasm","directed":"child-produced","speaker":"*CHI:","U":"oh, great","index":1,"Stimuli":"*CHI: oh, great"},{"FIG":"literal","directed":null,"speaker":"*FAT:","U":"You want to eat [your] peas (?)","index":2,"Stimuli":"*FAT: You want to eat [your] peas (?)"},{"FIG":"pretend play","directed":"child-produced","speaker":"*CHI:","U":"I superman . ","index":3,"Stimuli":"*CHI: I superman . "},{"FIG":"literal","directed":null,"speaker":"*FAT:","U":"Superman needs to eat his peas","index":4,"Stimuli":"*FAT: Superman needs to eat his peas"},{"FIG":"pretend play","directed":"child-produced","speaker":"*CHI:","U":"@zzzz @zzzz [=pretending to fly]\"\"\"@zzzz @zzzz [=pretending to fly]\"\"\"\"","index":5,"Stimuli":"*CHI: @zzzz @zzzz [=pretending to fly]\"\"\"@zzzz @zzzz [=pretending to fly]\"\"\"\""},{"FIG":"literal","directed":null,"speaker":"*FAT:","U":"Okay Clark , here comes the evil mr. peas","index":6,"Stimuli":"*FAT: Okay Clark , here comes the evil mr. peas"},{"FIG":"literal","directed":null,"speaker":"*CHI:","U":"No !","index":7,"Stimuli":"*CHI: No !"},{"FIG":"literal","directed":null,"speaker":"*CHI:","U":"Superman no eat peas !","index":8,"Stimuli":"*CHI: Superman no eat peas !"},{"FIG":"literal","directed":null,"speaker":"*CHI:","U":"Superman eat cake . ","index":9,"Stimuli":"*CHI: Superman eat cake . "},{"FIG":"literal","directed":null,"speaker":"*FAT:","U":"Superman needs to eat his peas first","index":10,"Stimuli":"*FAT: Superman needs to eat his peas first"},{"FIG":"metaphor","directed":"child-produced","speaker":"*CHI:","U":"Peas froggy !","index":11,"Stimuli":"*CHI: Peas froggy !"},{"FIG":"literal","directed":null,"speaker":"*FAT:","U":"@uh @huh (?)\"\"\"@uh @huh (?)\"\"\"\"","index":12,"Stimuli":"*FAT: @uh @huh (?)\"\"\"@uh @huh (?)\"\"\"\""},{"FIG":"literal","directed":null,"speaker":"*CHI:","U":"Peas yucky !","index":13,"Stimuli":"*CHI: Peas yucky !"},{"FIG":"understatement","directed":"child-produced","speaker":"*CHI:","U":"and little slimy .","index":14,"Stimuli":"*CHI: and little slimy ."},{"FIG":"literal","directed":null,"speaker":"*FAT:","U":"Oh ?","index":15,"Stimuli":"*FAT: Oh ?"}]